Parent Airline,Airline,Aircraft Type,Total,Unit Cost,Total Cost (Current)
Aegean Airlines,Aegean Airlines,Airbus A319,4,90,90
Aegean Airlines,Olympic Air,Airbus A319,8,90,0
Aegean Airlines,Aegean Airlines,Airbus A320,41,98,3724
Aegean Airlines,Olympic Air,Airbus A320,9,98,0
Aegean Airlines,Aegean Airlines,Airbus A321,8,115,919
Aegean Airlines,Olympic Air,ATR 42/72,2,22,44
Aegean Airlines,Aegean Airlines,ATR 42/72,6,22,0
Aegean Airlines,Aegean Airlines,Boeing 737,17,74,0
Aegean Airlines,Aegean Airlines,British Aerospace BAe 146/Avro RJ,6,14,0
Aegean Airlines,Olympic Air,De Havilland Canada DHC-8 Dash 8,19,31,376
Aeroflot,Aeroflot,Airbus A310,14,75,0
Aeroflot,Rossiya Airlines,Airbus A319,31,90,233
Aeroflot,Aeroflot,Airbus A319,15,90,0
Aeroflot,Aurora Airlines,Airbus A319,10,90,896
Aeroflot,Aeroflot,Airbus A320,75,98,6958
Aeroflot,Rossiya Airlines,Airbus A320,13,98,490
Aeroflot,Aeroflot,Airbus A321,39,115,3562
Aeroflot,Aeroflot,Airbus A330,22,240,528
Aeroflot,Aeroflot,Antonov An-124,3,75,0
Aeroflot,Rossiya Airlines,Antonov An-124,2,75,0
Aeroflot,Rossiya Airlines,Antonov An-148/An-158,6,28,0
Aeroflot,Aeroflot,Boeing 737,37,74,148
Aeroflot,Pobeda,Boeing 737,12,74,888
Aeroflot,Rossiya Airlines,Boeing 737,23,74,1258
Aeroflot,Aurora Airlines,Boeing 737,5,74,0
Aeroflot,Rossiya Airlines,Boeing 747,9,316,2211
Aeroflot,Aeroflot,Boeing 767,13,187,0
Aeroflot,Rossiya Airlines,Boeing 767,3,187,0
Aeroflot,Aeroflot,Boeing 777,17,295,4418
Aeroflot,Rossiya Airlines,Boeing 777,12,295,1767
Aeroflot,Aeroflot,Boeing 787,7,265,0
Aeroflot,Aurora Airlines,De Havilland Canada DHC-8 Dash 8,12,31,250
Aeroflot,Rossiya Airlines,Ilyushin Il-62,1,45,0
Aeroflot,Aeroflot,Ilyushin Il-96,10,45,0
Aeroflot,Rossiya Airlines,Ilyushin Il-96,5,45,0
Aeroflot,Aeroflot,Irkut MC-21,2,82,0
Aeroflot,Aeroflot,McDonnell Douglas DC-10,3,145,0
Aeroflot,Aeroflot,McDonnell Douglas MD-11,2,175,0
Aeroflot,Rossiya Airlines,Sukhoi Superjet 100,5,28,0
Aeroflot,Aeroflot,Sukhoi Superjet 100,40,28,825
Aeroflot,Aeroflot,Tupolev Tu-134,1,16,0
Aeroflot,Rossiya Airlines,Tupolev Tu-154,1,16,0
Aeroflot,Aeroflot,Tupolev Tu-204,3,16,0
Aeroflot,Rossiya Airlines,Tupolev Tu-204,2,16,0
Aeroflot,Rossiya Airlines,Tupolev Tu-214,3,16,0
Aeroflot,Aurora Airlines,Viking Air DHC 6-400 Twin Otter,2,7,13
Aerolineas Argentinas,Aerolineas Argentinas,Airbus A310,5,75,0
Aerolineas Argentinas,Aerolineas Argentinas,Airbus A320,2,98,0
Aerolineas Argentinas,Aerolineas Argentinas,Airbus A330,10,240,216
Aerolineas Argentinas,Aerolineas Argentinas,Airbus A340,13,216,1078
Aerolineas Argentinas,Aerolineas Argentinas,Boeing 737,118,74,2959
Aerolineas Argentinas,Austral Líneas Aéreas,Boeing 737,8,74,0
Aerolineas Argentinas,Aerolineas Argentinas,Boeing 747,17,316,0
Aerolineas Argentinas,Aerolineas Argentinas,Boeing 757,1,73,0
Aerolineas Argentinas,Austral Líneas Aéreas,Embraer ERJ-190,27,46,1201
Aerolineas Argentinas,Austral Líneas Aéreas,McDonnell Douglas DC-9,14,45,0
Aerolineas Argentinas,Aerolineas Argentinas,McDonnell Douglas MD-80,7,45,0
Aerolineas Argentinas,Austral Líneas Aéreas,McDonnell Douglas MD-80,28,45,0
Air Algerie,Air Algerie,Airbus A300,2,75,0
Air Algerie,Air Algerie,Airbus A310,6,75,0
Air Algerie,Air Algerie,Airbus A320,4,98,0
Air Algerie,Air Algerie,Airbus A330,12,240,192
Air Algerie,Air Algerie,Airbus A340,3,216,0
Air Algerie,Air Algerie,ATR 42/72,15,22,332
Air Algerie,Air Algerie,Boeing 737,70,74,2293
Air Algerie,Air Algerie,Boeing 747,14,316,0
Air Algerie,Air Algerie,Boeing 767,9,187,374
Air Algerie,Air Algerie,Boeing 777,2,295,0
Air Algerie,Air Algerie,Boeing 787,2,265,0
Air Algerie,Air Algerie,McDonnell Douglas DC-10,2,145,0
Air Algerie,Air Algerie,McDonnell Douglas DC-8,24,6,0
Air Arabia,Air Arabia,Airbus A320,66,98,3724
Air Arabia,Air Arabia Egypt,Airbus A320,3,98,98
Air Arabia,Air Arabia Jordan,Airbus A320,3,98,196
Air Arabia,Air Arabia Maroc,Airbus A320,10,98,490
Air Astana,Air Astana,Airbus A319,1,90,90
Air Astana,Air Astana,Airbus A320,15,98,882
Air Astana,Air Astana,Airbus A321,4,115,460
Air Astana,Air Astana,Boeing 737,4,74,0
Air Astana,Air Astana,Boeing 757,5,73,363
Air Astana,Air Astana,Boeing 767,5,187,561
Air Astana,Air Astana,Boeing 787,5,265,0
Air Astana,Air Astana,Embraer ERJ-190,9,46,416
Air Astana,Air Astana,Fokker F50 / F60,6,18,0
Air Berlin,Air Berlin,Airbus A319,21,90,538
Air Berlin,Air Berlin,Airbus A320,111,98,5292
Air Berlin,Air Berlin,Airbus A321,23,115,2413
Air Berlin,Air Berlin,Airbus A330,20,240,36
Air Berlin,Air Berlin,ATR 42/72,1,22,0
Air Berlin,Air Berlin,Boeing 737,155,74,1036
Air Berlin,Air Berlin,Boeing 757,4,73,0
Air Berlin,Air Berlin,British Aerospace BAe 146/Avro RJ,4,14,0
Air Berlin,Air Berlin,De Havilland Canada DHC-8 Dash 8,20,31,626
Air Berlin,Air Berlin,Embraer ERJ-190,3,46,0
Air Berlin,Air Berlin,Fokker F70 / F100,18,20,0
Air Berlin,Air Berlin,McDonnell Douglas MD-80,1,45,0
Air Canada,Air Canada,Airbus A319,48,90,1344
Air Canada,Air Canada Jetz,Airbus A319,5,90,269
Air Canada,Air Canada Rouge,Airbus A319,20,90,1792
Air Canada,Air Canada,Airbus A320,55,98,4116
Air Canada,Air Canada Jetz,Airbus A320,5,132,0
Air Canada,Air Canada,Airbus A321,18,115,1724
Air Canada,Air Canada Rouge,Airbus A321,5,115,575
Air Canada,Air Canada,Airbus A330,8,240,192
Air Canada,Air Canada,Airbus A340,15,216,0
Air Canada,Air Canada,Boeing 727,28,4,0
Air Canada,Air Canada,Boeing 737,44,74,0
Air Canada,Air Canada Jetz,Boeing 737,2,74,0
Air Canada,Air Canada,Boeing 747,15,316,0
Air Canada,Air Canada,Boeing 767,63,187,2804
Air Canada,Air Canada Rouge,Boeing 767,19,187,3551
Air Canada,Air Canada,Boeing 777,25,295,7364
Air Canada,Air Canada,Boeing 787 Dreamliner,24,265,5567
Air Canada,Air Canada,Bombardier CS300,2,72,0
Air Canada,Air Canada,Canadair CRJ-100 Series,26,32,0
Air Canada,Air Canada Regional,Canadair CRJ-100 Series,1,32,32
Air Canada,Air Canada,Embraer ERJ-170,15,39,0
Air Canada,Air Canada,Embraer ERJ-190,45,46,1155
Air Canada,Air Canada,McDonnell Douglas DC-8,43,6,0
Air Canada,Air Canada,McDonnell Douglas DC-9,64,45,0
Air China,Air Macau (66.9%),Airbus A300,8,75,0
Air China,Air China,Airbus A319,36,90,2957
Air China,Shenzhen Airlines,Airbus A319,5,90,448
Air China,Air Macau (66.9%),Airbus A319,5,90,358
Air China,Air China,Airbus A320,50,98,4214
Air China,Shenzhen Airlines,Airbus A320,81,98,7742
Air China,Air Macau (66.9%),Airbus A320,7,98,294
Air China,Air China,Airbus A321,58,115,632
Air China,Air Macau (66.9%),Airbus A321,15,115,1149
Air China,Air China,Airbus A330,55,240,1296
Air China,Shenzhen Airlines,Airbus A330,2,240,0
Air China,Air China,Airbus A340,6,216,0
Air China,Air China,Airbus A350 XWB,1,312,0
Air China,Air China,Boeing 737,220,74,10653
Air China,Shenzhen Airlines,Boeing 737,109,74,6436
Air China,Shandong Airlines (51%),Boeing 737,115,74,725
Air China,Air China Inner Mongolia,Boeing 737,3,74,222
Air China,Kunming Airlines (80%),Boeing 737,20,74,1332
Air China,Dalian Airlines (80%),Boeing 737,9,74,666
Air China,Air China,Boeing 747,28,316,3158
Air China,Air China Cargo,Boeing 747,15,316,947
Air China,Air China,Boeing 757,13,73,0
Air China,Air Macau (66.9%),Boeing 757,1,73,0
Air China,Air China Cargo,Boeing 757,4,73,290
Air China,Air China,Boeing 767,15,187,0
Air China,Air China,Boeing 777,33,295,8542
Air China,Air China Cargo,Boeing 777,8,295,2356
Air China,Air China,Boeing 787 Dreamliner,8,265,1856
Air China,Air China,British Aerospace BAe 146/Avro RJ,4,14,0
Air China,Shandong Airlines (51%),Canadair CRJ-100 Series,12,32,0
Air China,Shandong Airlines (51%),Canadair CRJ-700,2,41,82
Air China,Shandong Airlines (51%),Comac ARJ21,2,30,0
Air China,Air China,COMAC C919,2,68,0
Air China,Shandong Airlines (51%),Saab 340,1,8,0
Air China,Air China Cargo,Tupolev Tu-204,1,16,0
Air Europa,Air Europa,Airbus A330,17,240,36
Air Europa,Air Europa,Airbus A340,1,216,0
Air Europa,Air Europa,ATR 42/72,10,22,88
Air Europa,Air Europa,Boeing 737,88,74,1554
Air Europa,Air Europa,Boeing 757,16,73,0
Air Europa,Air Europa,Boeing 767,7,187,0
Air Europa,Air Europa,Boeing 787 Dreamliner,8,265,795
Air Europa,Air Europa,Embraer ERJ-145,1,20,20
Air Europa,Air Europa,Embraer ERJ-190,11,46,323
Air Europa,Air Europa,McDonnell Douglas MD-80,1,45,0
Air France/KLM,Air France,Aérospatiale/BAC Concorde,7,29,0
Air France/KLM,Air France,Airbus A300,25,75,0
Air France/KLM,Transavia,Airbus A300,1,75,0
Air France/KLM,Air France,Airbus A310,11,75,0
Air France/KLM,KLM,Airbus A310,11,75,0
Air France/KLM,Transavia,Airbus A310,1,75,0
Air France/KLM,Martinair,Airbus A310,2,75,0
Air France/KLM,Air France,Airbus A318,18,66,1193
Air France/KLM,Air France,Airbus A319,49,90,3405
Air France/KLM,Air France,Airbus A320,106,98,4214
Air France/KLM,Transavia France,Airbus A320,4,98,0
Air France/KLM,Martinair,Airbus A320,7,98,0
Air France/KLM,Air France,Airbus A321,30,115,2298
Air France/KLM,Air France,Airbus A330,16,240,36
Air France/KLM,KLM,Airbus A330,17,240,312
Air France/KLM,Air France,Airbus A340,30,216,2371
Air France/KLM,KLM,Airbus A350,2,312,0
Air France/KLM,Air France,Airbus A350-900,2,308,0
Air France/KLM,Air France,Airbus A380,10,433,4326
Air France/KLM,HOP!,ATR 42/72,29,22,464
Air France/KLM,Air France,Boeing 727,5,4,0
Air France/KLM,Air France,Boeing 737,63,74,0
Air France/KLM,KLM,Boeing 737,92,74,3551
Air France/KLM,Transavia France,Boeing 737,26,74,1923
Air France/KLM,Transavia,Boeing 737,113,74,2737
Air France/KLM,Martinair,Boeing 737,3,74,0
Air France/KLM,Air France,Boeing 747,73,316,0
Air France/KLM,KLM,Boeing 747,46,316,6316
Air France/KLM,Martinair,Boeing 747,9,316,316
Air France/KLM,Transavia,Boeing 757,10,73,0
Air France/KLM,Martinair,Boeing 757,2,73,0
Air France/KLM,Air France,Boeing 767,9,187,0
Air France/KLM,KLM,Boeing 767,12,187,0
Air France/KLM,Martinair,Boeing 767,8,187,0
Air France/KLM,Air France,Boeing 777,71,295,20619
Air France/KLM,KLM,Boeing 777,29,295,7953
Air France/KLM,Air France,Boeing 787 Dreamliner,1,265,265
Air France/KLM,KLM,Boeing 787 Dreamliner,11,265,2121
Air France/KLM,Air France,British Aerospace BAe 146/Avro RJ,3,14,0
Air France/KLM,Transavia,British Aerospace BAe 146/Avro RJ,1,14,0
Air France/KLM,HOP!,Canadair CRJ-100 Series,8,32,0
Air France/KLM,HOP!,Canadair CRJ-1000,14,49,686
Air France/KLM,HOP!,Canadair CRJ-700,15,41,492
Air France/KLM,HOP!,Embraer ERJ-145,22,20,314
Air France/KLM,HOP!,Embraer ERJ-170,16,39,581
Air France/KLM,KLM Cityhopper,Embraer ERJ-170,4,39,155
Air France/KLM,HOP!,Embraer ERJ-190,10,46,462
Air France/KLM,KLM Cityhopper,Embraer ERJ-190,30,46,1386
Air France/KLM,KLM Cityhopper,Fokker F50 / F60,23,18,0
Air France/KLM,Air France,Fokker F70 / F100,5,20,0
Air France/KLM,KLM,Fokker F70 / F100,6,20,0
Air France/KLM,KLM Cityhopper,Fokker F70 / F100,48,20,260
Air France/KLM,Air France,McDonnell Douglas DC-10,5,145,0
Air France/KLM,KLM,McDonnell Douglas DC-10,12,145,0
Air France/KLM,Martinair,McDonnell Douglas DC-10,5,145,0
Air France/KLM,Air France,McDonnell Douglas DC-8,1,6,0
Air France/KLM,KLM,McDonnell Douglas DC-8,37,6,0
Air France/KLM,Martinair,McDonnell Douglas DC-8,6,6,0
Air France/KLM,KLM,McDonnell Douglas DC-9,25,45,0
Air France/KLM,Martinair,McDonnell Douglas DC-9,4,45,0
Air France/KLM,KLM,McDonnell Douglas MD-11,10,175,0
Air France/KLM,Martinair,McDonnell Douglas MD-11,7,175,0
Air France/KLM,Martinair,McDonnell Douglas MD-80,3,45,0
Air France/KLM,KLM Cityhopper,Saab 340,1,8,0
Air India,Air India,Airbus A300,5,75,0
Air India,Air India,Airbus A310,28,75,0
Air India,Air India,Airbus A319,24,90,1971
Air India,Air India,Airbus A320,42,98,2548
Air India,Air India,Airbus A321,20,115,2298
Air India,Air India,Airbus A330,2,240,0
Air India,Air India Regional,ATR 42/72,15,22,265
Air India,Air India Express,Boeing 737,31,74,1702
Air India,Air India,Boeing 737,5,74,0
Air India,Air India Regional,Boeing 737,1,74,0
Air India,Air India,Boeing 747,31,316,947
Air India,Air India,Boeing 757,1,73,0
Air India,Air India,Boeing 767,3,187,0
Air India,Air India,Boeing 777,27,295,4418
Air India,Air India,Boeing 787 Dreamliner,27,265,5832
Air India,Air India Regional,Canadair CRJ-700,4,41,123
Air India,Air India,Lockheed L-1011 TriStar,1,190,0
Air India,Air India,McDonnell Douglas DC-8,15,6,0
Air New Zealand,Air New Zealand,Airbus A320,30,98,294
Air New Zealand,Air New Zealand,Airbus A321,2,115,0
Air New Zealand,Air New Zealand Link,ATR 42/72,34,22,575
Air New Zealand,Air New Zealand,Boeing 737,51,74,0
Air New Zealand,Air New Zealand,Boeing 747,15,316,0
Air New Zealand,Air New Zealand,Boeing 767,23,187,374
Air New Zealand,Air New Zealand,Boeing 777,15,295,4418
Air New Zealand,Air New Zealand,Boeing 787 Dreamliner,10,265,2386
Air New Zealand,Air New Zealand Link,Bombardier Q300,23,31,720
Air New Zealand,Air New Zealand Link,British Aerospace BAe 146/Avro RJ,8,14,0
Air New Zealand,Air New Zealand,McDonnell Douglas DC-10,8,145,0
Air New Zealand,Air New Zealand,McDonnell Douglas DC-8,8,6,0
Air Transat,Air Transat,Airbus A310,14,75,675
Air Transat,Air Transat,Airbus A320,2,98,0
Air Transat,Air Transat,Airbus A330,14,240,336
Air Transat,Air Transat,Boeing 727,1,4,0
Air Transat,Air Transat,Boeing 737,25,74,1332
Air Transat,Air Transat,Boeing 757,9,73,0
Air Transport International,Air Transport International,Boeing 757,8,73,580
Air Transport International,Air Transport International,Boeing 767,14,187,1682
Air Transport International,Air Transport International,McDonnell Douglas DC-8,42,6,0
Air Transport Services,ABX Air,Boeing 767,55,187,5233
Air Transport Services,ABX Air,McDonnell Douglas DC-8,16,6,0
Air Transport Services,ABX Air,McDonnell Douglas DC-9,74,45,0
Air Wisconsin,Air Wisconsin,British Aerospace BAe 146/Avro RJ,26,14,0
Air Wisconsin,Air Wisconsin,British Aerospace BAe ATP,10,14,0
Air Wisconsin,Air Wisconsin,Canadair CRJ-100 Series,71,32,2102
Air Wisconsin,Air Wisconsin,De Havilland Canada DHC-8 Dash 8,12,7,0
Air Wisconsin,Air Wisconsin,Dornier Do-328,23,8,0
AirAsia,AirAsia,Airbus A320,107,98,7546
AirAsia,AirAsia India,Airbus A320,8,98,784
AirAsia,AirAsia Japan,Airbus A320,7,98,196
AirAsia,Thai AirAsia,Airbus A320,52,98,49
AirAsia,Indonesia AirAsia,Airbus A320,34,98,1666
AirAsia,Indonesia AirAsia X,Airbus A320,5,98,490
AirAsia,Philippines AirAsia,Airbus A320,2,98,147
AirAsia,AirAsia,Airbus A321,2,115,0
AirAsia,AirAsia X,Airbus A330,30,240,528
AirAsia,Thai AirAsia X,Airbus A330,6,240,144
AirAsia,Indonesia AirAsia X,Airbus A330,2,240,480
AirAsia,AirAsia X,Airbus A340,2,216,0
AirAsia,AirAsia X,Airbus A350,2,312,0
AirAsia,AirAsia,Boeing 737,32,74,0
AirAsia,Thai AirAsia,Boeing 737,14,74,0
AirAsia,Indonesia AirAsia,Boeing 737,12,74,0
AirAsia,AirAsia,Boeing 747,3,316,0
AirAsia,AirAsia,McDonnell Douglas MD-11,1,175,0
Alaska Airlines,Alaska Airlines,Boeing 737,198,74,11615
Alaska Airlines,Alaska Airlines,Canadair CRJ-700,8,41,41
Alaska Airlines,Horizon Air,Canadair CRJ-700,21,41,0
Alaska Airlines,Horizon Air,De Havilland Canada DHC-8 Dash 8,108,31,1628
Alaska Airlines,Horizon Air,Dornier Do-328,12,8,0
Alaska Airlines,Horizon Air,Embraer E175,2,39,0
Alaska Airlines,Alaska Airlines,Embraer ERJ-170,15,39,581
Alaska Airlines,Alaska Airlines,McDonnell Douglas MD-80,48,45,532
Alitalia,Alitalia,Airbus A300,14,75,0
Alitalia,Alitalia,Airbus A319,22,90,1971
Alitalia,Alitalia,Airbus A320,54,98,4312
Alitalia,Alitalia,Airbus A321,23,115,1379
Alitalia,Alitalia,Airbus A330,14,240,336
Alitalia,Alitalia,ATR 42/72,14,22,0
Alitalia,Alitalia,Boeing 737,2,74,0
Alitalia,Alitalia,Boeing 747,21,316,0
Alitalia,Alitalia,Boeing 767,14,187,0
Alitalia,Alitalia,Boeing 777,11,295,324
Alitalia,Alitalia Cityliner,Canadair CRJ-900,10,46,0
Alitalia,Alitalia Cityliner,Embraer ERJ-170,15,39,581
Alitalia,Alitalia Cityliner,Embraer ERJ-190,5,46,231
Alitalia,Alitalia,McDonnell Douglas DC-10,8,145,0
Alitalia,Alitalia,McDonnell Douglas DC-8,27,6,0
Alitalia,Alitalia,McDonnell Douglas DC-9,46,45,0
Alitalia,Alitalia,McDonnell Douglas MD-11,8,175,0
Alitalia,Alitalia,McDonnell Douglas MD-80,90,45,0
All Nippon Airways,Vanilla Air,Airbus A320,15,98,980
All Nippon Airways,ANA Wings,Boeing 737,25,74,1332
All Nippon Airways,ANA Wings,De Havilland Canada DHC-8 Dash 8,26,31,657
All Nippon Airways,ANA Wings,Mitsubishi MRJ90,,47,0
All Nippon Airways,All Nippon Airways,Airbus A320,36,98,980
All Nippon Airways,All Nippon Airways,Airbus A321,11,115,230
All Nippon Airways,All Nippon Airways,Airbus A380,,433,0
All Nippon Airways,All Nippon Airways,Boeing 737,87,74,3181
All Nippon Airways,All Nippon Airways,Boeing 747,46,316,0
All Nippon Airways,All Nippon Airways,Boeing 767,99,187,9158
All Nippon Airways,All Nippon Airways,Boeing 777,57,295,162
All Nippon Airways,All Nippon Airways,Boeing 787 Dreamliner,59,265,14846
All Nippon Airways,All Nippon Airways,Mitsubishi MRJ90,2,47,0
Allegiant Air,Allegiant Air,Airbus A319,23,90,1523
Allegiant Air,Allegiant Air,Airbus A320,16,98,1568
Allegiant Air,Allegiant Air,Boeing 757,6,73,290
Allegiant Air,Allegiant Air,McDonnell Douglas DC-9,3,45,0
Allegiant Air,Allegiant Air,McDonnell Douglas MD-80,61,45,216
American Airlines,American Airlines,Airbus A300,35,75,0
American Airlines,American Airlines,Airbus A319,125,90,112
American Airlines,American Airlines,Airbus A320,68,98,4998
American Airlines,American Airlines,Airbus A321,209,115,22635
American Airlines,American Airlines,Airbus A330,24,240,576
American Airlines,American Airlines,Airbus A350 XWB,1,312,0
American Airlines,American Eagle,ATR 42/72,70,22,0
American Airlines,American Airlines,Boeing 717,29,37,0
American Airlines,American Airlines,Boeing 737,332,74,20862
American Airlines,American Airlines,Boeing 747,19,316,0
American Airlines,American Airlines,Boeing 757,177,73,3698
American Airlines,American Airlines,Boeing 767,107,187,6168
American Airlines,American Airlines,Boeing 777,67,295,19735
American Airlines,American Airlines,Boeing 787 Dreamliner,26,265,5302
American Airlines,American Airlines,British Aerospace BAe 146/Avro RJ,8,14,0
American Airlines,PSA Airlines,Canadair CRJ-100 Series,35,32,1115
American Airlines,PSA Airlines,Canadair CRJ-700,61,41,1066
American Airlines,American Eagle,Canadair CRJ-700,57,41,1845
American Airlines,PSA Airlines,Canadair CRJ-900,54,46,2484
American Airlines,American Eagle,Canadair CRJ-900,61,46,2806
American Airlines,Piedmont Airlines,De Havilland Canada DHC-8 Dash 8,109,31,1064
American Airlines,PSA Airlines,Dornier Do-328,28,8,0
American Airlines,American Eagle,Embraer ERJ-145,217,20,1901
American Airlines,Piedmont Airlines,Embraer ERJ-145,10,20,196
American Airlines,American Eagle,Embraer ERJ-170,96,39,3638
American Airlines,Envoy Air,Embraer ERJ-170,28,39,1006
American Airlines,American Airlines,Embraer ERJ-190,20,46,924
American Airlines,American Airlines,Fokker F70 / F100,75,20,0
American Airlines,American Airlines,McDonnell Douglas DC-10,66,145,0
American Airlines,American Airlines,McDonnell Douglas DC-8,6,6,0
American Airlines,American Airlines,McDonnell Douglas MD-11,19,175,0
American Airlines,American Airlines,McDonnell Douglas MD-80,383,45,261
American Airlines,American Airlines,McDonnell Douglas MD-90,5,45,0
American Airlines,American Eagle,Saab 340,52,8,0
Asiana Airlines,Asiana Airlines,Airbus A320,11,98,686
Asiana Airlines,Air Busan,Airbus A320,6,98,588
Asiana Airlines,Asiana Airlines,Airbus A321,40,115,2643
Asiana Airlines,Air Seoul,Airbus A321,3,115,345
Asiana Airlines,Air Busan,Airbus A321,12,115,1379
Asiana Airlines,Asiana Airlines,Airbus A330,15,240,36
Asiana Airlines,Asiana Airlines,Airbus A350,1,312,0
Asiana Airlines,Asiana Airlines,Airbus A380,6,433,2163
Asiana Airlines,Asiana Airlines,Boeing 737,34,74,0
Asiana Airlines,Air Busan,Boeing 737,7,74,0
Asiana Airlines,Asiana Airlines,Boeing 747,18,316,4421
Asiana Airlines,Asiana Airlines,Boeing 767,19,187,1495
Asiana Airlines,Asiana Airlines,Boeing 777,13,295,324
Atlas Air,Atlas Air,Boeing 737,1,74,0
Atlas Air,Atlas Air,Boeing 747,77,316,10106
Atlas Air,Atlas Air,Boeing 757,1,73,0
Atlas Air,Atlas Air,Boeing 767,26,187,4673
Avianca,AeroUnion,Airbus A300,7,75,375
Avianca,Avianca,Airbus A318,10,66,663
Avianca,Avianca Brazil,Airbus A318,15,66,862
Avianca,Avianca,Airbus A319,22,90,2688
Avianca,Avianca Brazil,Airbus A319,4,90,358
Avianca,Avianca Ecuador,Airbus A319,7,90,538
Avianca,Avianca Peru,Airbus A319,1,90,448
Avianca,Avianca El Salvador/TACA Airlines,Airbus A319,11,90,717
Avianca,Avianca,Airbus A320,44,98,392
Avianca,Avianca Brazil,Airbus A320,33,98,2842
Avianca,Avianca Ecuador,Airbus A320,4,98,392
Avianca,Avianca Peru,Airbus A320,1,98,490
Avianca,Avianca El Salvador/TACA Airlines,Airbus A320,19,98,1764
Avianca,Avianca,Airbus A321,9,115,1034
Avianca,Avianca El Salvador/TACA Airlines,Airbus A321,9,115,689
Avianca,Avianca Brazil,Airbus A330,4,115,0
Avianca,Avianca,Airbus A330,12,240,192
Avianca,Avianca Peru,Airbus A330,1,240,480
Avianca,Avianca El Salvador/TACA Airlines,Airbus A330,1,240,240
Avianca,Avianca Cargo Colombia,Airbus A330,6,240,144
Avianca,Avianca,Airbus A350,2,312,0
Avianca,Avianca Brazil,Airbus A350,2,312,0
Avianca,Avianca,ATR 42/72,9,22,199
Avianca,Avianca Guatemala,ATR 42/72,4,22,88
Avianca,Avianca Honduras,ATR 42/72,7,22,44
Avianca,Avianca,Boeing 727,1,4,0
Avianca,Avianca,Boeing 737,2,74,0
Avianca,Avianca,Boeing 747,7,316,0
Avianca,Avianca,Boeing 757,21,73,0
Avianca,Avianca,Boeing 767,10,187,0
Avianca,AeroUnion,Boeing 767,2,187,374
Avianca,Avianca Cargo Colombia,Boeing 767,5,187,0
Avianca,Avianca,Boeing 787 Dreamliner,11,265,2386
Avianca,Avianca El Salvador/TACA Airlines,Embraer E-190,10,46,370
Avianca,Avianca,Fokker F50 / F60,10,18,0
Avianca,Avianca,Fokker F70 / F100,15,20,0
Avianca,Avianca Brazil,Fokker F70 / F100,14,20,0
Avianca,Avianca,McDonnell Douglas MD-11,1,175,0
Avianca,Avianca,McDonnell Douglas MD-80,18,45,0
Azul,Azul,Airbus A320,8,98,392
Azul,Azul,Airbus A330,7,240,12
Azul,Azul,Airbus A350 XWB,1,312,0
Azul,Azul,ATR 42/72,84,22,884
Azul,Azul,Embraer ERJ-170,5,39,0
Azul,Azul,Embraer ERJ-190,88,46,3419
Cathay Pacific,Air Hong Kong,Airbus A300,12,75,750
Cathay Pacific,Cathay Dragon,Airbus A320,15,98,147
Cathay Pacific,Cathay Dragon,Airbus A321,8,115,919
Cathay Pacific,Cathay Pacific,Airbus A330,55,240,1008
Cathay Pacific,Cathay Dragon,Airbus A330,19,240,456
Cathay Pacific,Cathay Pacific,Airbus A340,25,216,862
Cathay Pacific,Cathay Pacific,Airbus A350 XWB,15,312,2808
Cathay Pacific,Cathay Pacific,Boeing 747,84,316,6632
Cathay Pacific,Air Hong Kong,Boeing 747,11,316,947
Cathay Pacific,Cathay Pacific,Boeing 777,70,295,20619
Cebu Pacific Air,Cebu Pacific Air,Airbus A319,10,90,448
Cebu Pacific Air,Cebu Pacific Air,Airbus A320,42,98,3528
Cebu Pacific Air,Cebu Pacific Air,Airbus A321,2,115,0
Cebu Pacific Air,Cebu Pacific Air,Airbus A330,7,240,144
Cebu Pacific Air,Cebu Pacific Air,ATR 42/72,11,22,221
Cebu Pacific Air,Cebu Pacific Air,Boeing 757,3,73,0
Cebu Pacific Air,Cebu Pacific Air,McDonnell Douglas DC-9,19,45,0
China Airlines,China Airlines,Airbus A300,20,75,0
China Airlines,Tigerair Taiwan (80%),Airbus A320,10,98,882
China Airlines,China Airlines,Airbus A320,2,98,0
China Airlines,China Airlines,Airbus A330,26,240,576
China Airlines,China Airlines,Airbus A340,7,216,862
China Airlines,Mandarin Airlines (93.99%),Airbus A340,1,216,0
China Airlines,China Airlines,Airbus A350 XWB,6,312,624
China Airlines,China Airlines,Boeing 737,40,74,1628
China Airlines,Mandarin Airlines (93.99%),Boeing 737,6,74,74
China Airlines,China Airlines,Boeing 747,60,316,7895
China Airlines,Mandarin Airlines (93.99%),Boeing 747,5,316,0
China Airlines,China Airlines,Boeing 767,2,187,0
China Airlines,China Airlines,Boeing 777,10,295,2946
China Airlines,Mandarin Airlines (93.99%),Embraer ERJ-190,8,46,277
China Airlines,Mandarin Airlines (93.99%),Fokker F50 / F60,7,18,0
China Airlines,Mandarin Airlines (93.99%),Fokker F70 / F100,6,20,0
China Airlines,China Airlines,McDonnell Douglas MD-11,5,175,0
China Airlines,Mandarin Airlines (93.99%),McDonnell Douglas MD-11,5,175,0
China Airlines,Mandarin Airlines (93.99%),Saab 340,1,8,0
China Eastern Airlines,China Eastern Airlines,Airbus A300,13,75,0
China Eastern Airlines,China Eastern Airlines,Airbus A310,5,75,0
China Eastern Airlines,China Eastern Airlines,Airbus A319,45,90,3226
China Eastern Airlines,China United Airlines,Airbus A319,3,90,0
China Eastern Airlines,China Eastern Airlines,Airbus A320,191,98,1617
China Eastern Airlines,China Eastern Airlines,Airbus A321,67,115,7354
China Eastern Airlines,Shanghai Airlines,Airbus A321,4,115,0
China Eastern Airlines,China Eastern Airlines,Airbus A330,51,240,108
China Eastern Airlines,Shanghai Airlines,Airbus A330,6,240,144
China Eastern Airlines,China Eastern Airlines,Airbus A340,10,216,0
China Eastern Airlines,China Eastern Airlines,Airbus A350,,312,0
China Eastern Airlines,China Eastern Airlines,Boeing 737,173,74,9248
China Eastern Airlines,China United Airlines,Boeing 737,44,74,2367
China Eastern Airlines,Shanghai Airlines,Boeing 737,96,74,5549
China Eastern Airlines,China Cargo Airlines,Boeing 747,5,316,947
China Eastern Airlines,China Cargo Airlines,Boeing 757,2,73,0
China Eastern Airlines,Shanghai Airlines,Boeing 757,13,73,0
China Eastern Airlines,China Eastern Airlines,Boeing 767,3,187,0
China Eastern Airlines,Shanghai Airlines,Boeing 767,7,187,1121
China Eastern Airlines,China Eastern Airlines,Boeing 777,16,295,4713
China Eastern Airlines,China Cargo Airlines,Boeing 777,6,295,1767
China Eastern Airlines,China Eastern Airlines,Boeing 787,2,265,0
China Eastern Airlines,China Eastern Airlines,British Aerospace BAe 146/Avro RJ,13,14,0
China Eastern Airlines,China Eastern Airlines,Canadair CRJ-100 Series,5,32,0
China Eastern Airlines,Shanghai Airlines,Canadair CRJ-100 Series,5,32,0
China Eastern Airlines,China United Airlines,Comac ARJ21,2,30,0
China Eastern Airlines,China Eastern Airlines,COMAC C919,2,68,0
China Eastern Airlines,China Eastern Airlines,Embraer ERJ-145,10,20,0
China Eastern Airlines,China Eastern Airlines,Fokker F70 / F100,10,20,0
China Eastern Airlines,China Eastern Airlines,McDonnell Douglas MD-11,6,175,0
China Eastern Airlines,China Cargo Airlines,McDonnell Douglas MD-11,9,175,0
China Eastern Airlines,Shanghai Airlines,McDonnell Douglas MD-11,4,175,0
China Eastern Airlines,China Eastern Airlines,McDonnell Douglas MD-80,16,45,0
China Eastern Airlines,China Eastern Airlines,McDonnell Douglas MD-90,9,45,0
China Southern Airlines,China Southern Airlines,Airbus A300,6,75,0
China Southern Airlines,China Southern Airlines,Airbus A319,41,90,3046
China Southern Airlines,China Southern Airlines,Airbus A320,145,98,12054
China Southern Airlines,China Southern Airlines,Airbus A321,93,115,10111
China Southern Airlines,China Southern Airlines,Airbus A330,39,240,912
China Southern Airlines,China Southern Airlines,Airbus A380,5,433,2163
China Southern Airlines,China Southern Airlines,ATR 42/72,5,22,0
China Southern Airlines,China Southern Airlines,Boeing 737,234,74,12503
China Southern Airlines,China Southern Airlines,Boeing 747,2,316,632
China Southern Airlines,China Southern Airlines,Boeing 757,31,73,508
China Southern Airlines,China Southern Airlines,Boeing 767,6,187,0
China Southern Airlines,China Southern Airlines,Boeing 777,32,295,7658
China Southern Airlines,China Southern Airlines,Boeing 787 Dreamliner,10,265,2651
China Southern Airlines,China Southern Airlines,COMAC C919,3,68,0
China Southern Airlines,China Southern Airlines,Embraer ERJ-145,6,20,0
China Southern Airlines,China Southern Airlines,Embraer ERJ-190,20,46,924
China Southern Airlines,China Southern Airlines,McDonnell Douglas MD-80,23,45,0
China Southern Airlines,China Southern Airlines,McDonnell Douglas MD-90,13,45,0
Copa Airlines,Copa Airlines,Boeing 737,110,74,5622
Copa Airlines,Copa Airlines Colombia,Boeing 737,1,74,74
Copa Airlines,Copa Airlines,Embraer ERJ-190,15,46,554
Copa Airlines,Copa Airlines Colombia,Embraer ERJ-190,14,46,416
Delta Airlines,Delta Airlines,Airbus A310,30,75,0
Delta Airlines,Delta Airlines,Airbus A319,57,90,5107
Delta Airlines,Delta Airlines,Airbus A320,69,98,6762
Delta Airlines,Delta Airlines,Airbus A321,20,115,1609
Delta Airlines,Delta Airlines,Airbus A330,42,240,96
Delta Airlines,Delta Airlines,Airbus A350 XWB,1,312,0
Delta Airlines,Delta Airlines,Boeing 717,91,37,3367
Delta Airlines,Delta Airlines,Boeing 727,7,4,0
Delta Airlines,Delta Airlines,Boeing 737,269,74,11393
Delta Airlines,Delta Airlines,Boeing 747,36,316,2211
Delta Airlines,Delta Airlines,Boeing 757,206,73,928
Delta Airlines,Delta Airlines,Boeing 767,124,187,15887
Delta Airlines,Delta Airlines,Boeing 777,19,295,5302
Delta Airlines,Delta Airlines,Boeing 787 Dreamliner,5,265,0
Delta Airlines,Delta Airlines,Bombardier CS100,5,72,0
Delta Airlines,Endeavor Air,Canadair CRJ-100 Series,140,32,1688
Delta Airlines,Endeavor Air,Canadair CRJ-900,82,46,3726
Delta Airlines,Delta Airlines,Embraer ERJ-190,13,46,508
Delta Airlines,Delta Airlines,McDonnell Douglas DC-10,14,145,0
Delta Airlines,Delta Airlines,McDonnell Douglas DC-8,42,6,0
Delta Airlines,Delta Airlines,McDonnell Douglas DC-9,162,45,0
Delta Airlines,Delta Airlines,McDonnell Douglas MD-11,17,175,0
Delta Airlines,Delta Airlines,McDonnell Douglas MD-80,166,45,522
Delta Airlines,Delta Airlines,McDonnell Douglas MD-90,77,45,2925
easyJet,easyJet,Airbus A319,172,90,11917
easyJet,easyJet - Switzerland,Airbus A319,33,90,986
easyJet,easyJet,Airbus A320,128,98,9898
easyJet,easyJet - Switzerland,Airbus A320,15,98,147
easyJet,easyJet,Airbus A321,8,115,0
easyJet,easyJet,Boeing 737,84,74,0
easyJet,easyJet - Switzerland,Boeing 737,8,74,0
easyJet,easyJet,Boeing 757,4,73,0
EgyptAir,EgyptAir Cargo,Airbus A300,4,75,225
EgyptAir,EgyptAir,Airbus A300,21,75,0
EgyptAir,EgyptAir,Airbus A320,13,98,588
EgyptAir,Air Cairo,Airbus A320,5,98,588
EgyptAir,EgyptAir Cargo,Airbus A320,7,98,0
EgyptAir,EgyptAir,Airbus A321,4,115,460
EgyptAir,Air Cairo,Airbus A321,2,115,0
EgyptAir,EgyptAir,Airbus A330,11,240,264
EgyptAir,EgyptAir Cargo,Airbus A330,8,240,0
EgyptAir,EgyptAir,Airbus A340,4,216,0
EgyptAir,EgyptAir,ATR 42/72,2,22,0
EgyptAir,EgyptAir,Boeing 737,37,74,1628
EgyptAir,EgyptAir,Boeing 747,10,316,0
EgyptAir,EgyptAir,Boeing 767,7,187,0
EgyptAir,EgyptAir,Boeing 777,11,295,2651
EgyptAir,EgyptAir Express,Embraer ERJ-170,12,39,464
EgyptAir,EgyptAir,McDonnell Douglas DC-8,7,6,0
EgyptAir,EgyptAir,McDonnell Douglas DC-9,2,45,0
El Al,El Al,Boeing 737,29,74,1702
El Al,Sun d'Or,Boeing 737,2,74,148
El Al,Up,Boeing 737,4,74,296
El Al,El Al,Boeing 747,26,316,2211
El Al,El Al,Boeing 757,10,73,0
El Al,Sun d'Or,Boeing 757,6,73,0
El Al,El Al,Boeing 767,13,187,1308
El Al,El Al,Boeing 777,6,295,1767
El Al,El Al,Boeing 787,16,265,0
El Al,El Al,McDonnell Douglas DC-8,1,6,0
El Al,El Al,McDonnell Douglas MD-11,1,175,0
Emirates,Emirates,Airbus A300,7,75,0
Emirates,Emirates,Airbus A310,13,75,0
Emirates,Emirates,Airbus A319,1,90,90
Emirates,Emirates,Airbus A330,29,115,0
Emirates,Emirates,Airbus A340,18,216,0
Emirates,Emirates,Airbus A380,102,433,37636
Emirates,Emirates,Boeing 737,1,74,0
Emirates,Emirates,Boeing 747,6,316,632
Emirates,Emirates,Boeing 777,174,295,46833
Ethiopian Airlines,Ethiopian Airlines,Airbus A350 XWB,4,312,624
Ethiopian Airlines,Ethiopian Airlines,ATR 42/72,3,22,0
Ethiopian Airlines,Ethiopian Airlines,Boeing 737,30,74,1554
Ethiopian Airlines,Ethiopian Airlines,Boeing 757,12,73,218
Ethiopian Airlines,Ethiopian Airlines,Boeing 767,18,187,1121
Ethiopian Airlines,Ethiopian Airlines,Boeing 777,16,295,4713
Ethiopian Airlines,Ethiopian Airlines,Boeing 787 Dreamliner,19,265,4242
Ethiopian Airlines,Ethiopian Airlines,De Havilland Canada DHC-8 Dash 8,18,31,563
Ethiopian Airlines,Ethiopian Airlines,Fokker F50 / F60,5,18,0
Ethiopian Airlines,Ethiopian Airlines,McDonnell Douglas MD-11,3,175,0
Etihad Airways,Etihad Airways,Airbus A300,3,75,0
Etihad Airways,Etihad Airways,Airbus A310,1,75,0
Etihad Airways,Etihad Airways,Airbus A319,4,90,179
Etihad Airways,Etihad Airways,Airbus A320,27,98,2254
Etihad Airways,Etihad Airways,Airbus A321,10,115,1149
Etihad Airways,Etihad Airways,Airbus A330,42,240,72
Etihad Airways,Etihad Airways,Airbus A340,13,216,2156
Etihad Airways,Etihad Airways,Airbus A350 XWB,1,312,0
Etihad Airways,Etihad Airways,Airbus A380,9,433,3461
Etihad Airways,Etihad Airways,Boeing 747,2,316,316
Etihad Airways,Etihad Airways,Boeing 767,2,187,0
Etihad Airways,Etihad Airways,Boeing 777,35,295,8837
Etihad Airways,Etihad Airways,Boeing 787 Dreamliner,12,265,2651
EVA Air,EVA Air,Airbus A320,1,98,0
EVA Air,EVA Air,Airbus A321,24,115,2528
EVA Air,Uni Air,Airbus A321,2,115,230
EVA Air,EVA Air,Airbus A330,18,240,24
EVA Air,EVA Air,ATR 42/72,2,22,44
EVA Air,Uni Air,ATR 42/72,13,22,287
EVA Air,EVA Air,Boeing 747,19,316,2842
EVA Air,EVA Air,Boeing 757,2,73,0
EVA Air,Uni Air,Boeing 757,1,73,0
EVA Air,EVA Air,Boeing 767,9,187,0
EVA Air,EVA Air,Boeing 777,29,295,8542
EVA Air,EVA Air,Boeing 787,2,265,0
EVA Air,Uni Air,British Aerospace BAe 146/Avro RJ,4,14,0
EVA Air,Uni Air,De Havilland Canada DHC-8 Dash 8,14,7,0
EVA Air,EVA Air,McDonnell Douglas MD-11,12,175,0
EVA Air,EVA Air,McDonnell Douglas MD-90,7,45,0
EVA Air,Uni Air,McDonnell Douglas MD-90,14,45,0
FedEx Express,FedEx Express,Airbus A300,71,75,51
FedEx Express,FedEx Express,Airbus A310,70,75,600
FedEx Express,FedEx Feeder Fleet,ATR 42-300F/-320F,89,20,507
FedEx Express,FedEx Express,ATR 42/72,52,22,995
FedEx Express,FedEx Feeder Fleet,ATR 72-200F,7,25,519
FedEx Express,FedEx Express,Boeing 727,72,4,0
FedEx Express,FedEx Express,Boeing 737,5,74,0
FedEx Express,FedEx Express,Boeing 747,22,316,0
FedEx Express,FedEx Express,Boeing 757,123,73,8628
FedEx Express,FedEx Express,Boeing 767,61,187,785
FedEx Express,FedEx Express,Boeing 777,43,295,7953
FedEx Express,FedEx Feeder Fleet,Cessna 208B Grand Caravan,7,3,610
FedEx Express,FedEx Express,McDonnell Douglas DC-10,92,145,58
FedEx Express,FedEx Express,McDonnell Douglas DC-8,6,6,0
FedEx Express,FedEx Express,McDonnell Douglas MD-11,71,175,10325
Finnair,Finnair,Airbus A300,2,75,0
Finnair,Finnair,Airbus A319,11,90,806
Finnair,Finnair,Airbus A320,12,98,980
Finnair,Finnair,Airbus A321,12,115,1264
Finnair,Finnair,Airbus A330,8,240,192
Finnair,Finnair,Airbus A340,7,216,431
Finnair,Finnair,Airbus A350 XWB,9,312,2184
Finnair,Finnair,ATR 42/72,15,22,0
Finnair,Finnair,Boeing 737,2,74,0
Finnair,Finnair,Boeing 757,7,73,0
Finnair,Nordic Regional Airlines,Embraer E-190,12,46,554
Finnair,Finnair,Embraer ERJ-170,10,39,0
Finnair,Finnair,Embraer ERJ-190,12,46,554
Finnair,Finnair,McDonnell Douglas DC-10,5,145,0
Finnair,Finnair,McDonnell Douglas DC-8,4,6,0
Finnair,Finnair,McDonnell Douglas DC-9,27,45,0
Finnair,Finnair,McDonnell Douglas MD-11,7,175,0
Finnair,Finnair,McDonnell Douglas MD-80,26,45,0
Finnair,Finnair,Saab 340,3,8,0
Flybe,Flybe,ATR 42/72,9,22,199
Flybe,Flybe,Boeing 737,4,74,0
Flybe,Flybe,British Aerospace BAe 146/Avro RJ,24,14,0
Flybe,Flybe,Canadair CRJ-100 Series,4,32,0
Flybe,Flybe,De Havilland Canada DHC-6 Twin Otter,1,7,7
Flybe,Flybe,De Havilland Canada DHC-8 Dash 8,91,31,1722
Flybe,Flybe,Dornier Do-328,3,8,16
Flybe,Flybe,Embraer ERJ-145,28,20,0
Flybe,Flybe,Embraer ERJ-170,11,39,426
Flybe,Flybe,Embraer ERJ-190,14,46,416
Flybe,Flybe,Saab 2000,3,12,36
Flybe,Flybe,Saab 340,14,8,96
FlyDubai,FlyDubai,Boeing 737,60,74,4143
Frontier Airlines,Frontier Airlines,Airbus A318,11,66,0
Frontier Airlines,Frontier Airlines,Airbus A319,53,90,2061
Frontier Airlines,Frontier Airlines,Airbus A320,36,98,2744
Frontier Airlines,Frontier Airlines,Airbus A321,15,115,1494
Frontier Airlines,Frontier Airlines,Boeing 737,42,74,0
Frontier Airlines,Frontier Airlines,De Havilland Canada DHC-8 Dash 8,11,7,0
Garuda Indonesia,Garuda Indonesia,Airbus A300,22,75,0
Garuda Indonesia,Citilink,Airbus A320,46,98,4018
Garuda Indonesia,Garuda Indonesia,Airbus A330,54,240,576
Garuda Indonesia,Garuda Indonesia,Airbus A340,3,216,0
Garuda Indonesia,Garuda Indonesia,ATR 42/72,15,22,332
Garuda Indonesia,Garuda Indonesia,Boeing 737,149,74,5475
Garuda Indonesia,Citilink,Boeing 737,18,74,296
Garuda Indonesia,Garuda Indonesia,Boeing 747,63,316,632
Garuda Indonesia,Garuda Indonesia,Boeing 767,19,187,0
Garuda Indonesia,Garuda Indonesia,Boeing 777,14,295,2946
Garuda Indonesia,Garuda Indonesia,Canadair CRJ-1000,18,49,882
Garuda Indonesia,Garuda Indonesia,Lockheed L-1011 TriStar,1,190,0
Garuda Indonesia,Garuda Indonesia,McDonnell Douglas DC-10,25,145,0
Garuda Indonesia,Garuda Indonesia,McDonnell Douglas DC-8,11,6,0
Garuda Indonesia,Garuda Indonesia,McDonnell Douglas DC-9,25,45,0
Garuda Indonesia,Garuda Indonesia,McDonnell Douglas MD-11,18,175,0
Gol Linhas Aéreas,Gol Linhas Aéreas,Boeing 737,191,74,9174
Grupo Aeromexico,Aeromexico Express,ATR 42/72,2,22,44
Grupo Aeromexico,Aeromexico,Boeing 737,74,74,3921
Grupo Aeromexico,Aeromexico,Boeing 757,11,73,0
Grupo Aeromexico,Aeromexico,Boeing 767,16,187,0
Grupo Aeromexico,Aeromexico,Boeing 777,4,295,1178
Grupo Aeromexico,Aeromexico,Boeing 787 Dreamliner,14,265,3181
Grupo Aeromexico,Aeromexico Connect,Embraer ERJ-145,40,20,372
Grupo Aeromexico,Aeromexico Connect,Embraer ERJ-170,16,39,542
Grupo Aeromexico,Aeromexico Connect,Embraer ERJ-190,36,46,1663
Grupo Aeromexico,Aeromexico,McDonnell Douglas DC-10,6,145,0
Grupo Aeromexico,Aeromexico,McDonnell Douglas DC-8,13,6,0
Grupo Aeromexico,Aeromexico,McDonnell Douglas DC-9,34,45,0
Grupo Aeromexico,Aeromexico,McDonnell Douglas MD-80,53,45,0
Gulf Air,Gulf Air,Airbus A319,2,90,0
Gulf Air,Gulf Air,Airbus A320,34,98,1568
Gulf Air,Gulf Air,Airbus A321,8,115,689
Gulf Air,Gulf Air,Airbus A330,12,240,144
Gulf Air,Gulf Air,Airbus A340,10,216,0
Gulf Air,Gulf Air,Boeing 737,14,74,0
Gulf Air,Gulf Air,Boeing 747,2,316,0
Gulf Air,Gulf Air,Boeing 757,1,73,0
Gulf Air,Gulf Air,Boeing 767,22,187,0
Gulf Air,Gulf Air,Boeing 777,4,295,0
Gulf Air,Gulf Air,Boeing 787,7,265,0
Gulf Air,Gulf Air,Bombardier CS100,7,72,0
Gulf Air,Gulf Air,Embraer ERJ-170,2,39,0
Gulf Air,Gulf Air,Embraer ERJ-190,2,46,0
Hainan Airlines,Lucky Air (86.68%),Airbus A319,3,90,269
Hainan Airlines,Capital Airlines (70%),Airbus A319,29,90,1702
Hainan Airlines,Hainan Airlines,Airbus A319,6,90,0
Hainan Airlines,Lucky Air (86.68%),Airbus A320,8,98,686
Hainan Airlines,Capital Airlines (70%),Airbus A320,34,98,3332
Hainan Airlines,Capital Airlines (70%),Airbus A321,11,115,1264
Hainan Airlines,Hainan Airlines,Airbus A330,28,240,528
Hainan Airlines,Capital Airlines (70%),Airbus A330,8,240,960
Hainan Airlines,Hainan Airlines,Airbus A340,3,216,0
Hainan Airlines,Hainan Airlines,Boeing 737,173,74,9321
Hainan Airlines,China Xinhua Airlines (100%),Boeing 737,17,74,370
Hainan Airlines,Lucky Air (86.68%),Boeing 737,34,74,1923
Hainan Airlines,Urumqi Airlines (70%),Boeing 737,9,74,666
Hainan Airlines,Chang An Airlines (67.01%),Boeing 737-800,11,96,288
Hainan Airlines,Hainan Airlines,Boeing 767,5,187,561
Hainan Airlines,Hainan Airlines,Boeing 787 Dreamliner,21,265,4772
Hainan Airlines,Hainan Airlines,COMAC C919,23,68,0
Hainan Airlines,Hainan Airlines,Dornier Do-328,27,8,0
Hawaiian Airlines,Hawaiian Airlines,Airbus A321,11,115,0
Hawaiian Airlines,Hawaiian Airlines,Airbus A330,23,240,552
Hawaiian Airlines,Hawaiian Airlines,ATR 42/72,7,22,66
Hawaiian Airlines,Hawaiian Airlines,Boeing 717,21,37,666
Hawaiian Airlines,Hawaiian Airlines,Boeing 767,18,187,1495
Hawaiian Airlines,Hawaiian Airlines,McDonnell Douglas DC-10,25,145,0
Hawaiian Airlines,Hawaiian Airlines,McDonnell Douglas DC-8,11,6,0
Hawaiian Airlines,Hawaiian Airlines,McDonnell Douglas DC-9,38,45,0
Hawaiian Airlines,Hawaiian Airlines,McDonnell Douglas MD-80,6,45,0
IAG,British Airways,Aérospatiale/BAC Concorde,7,29,0
IAG,Iberia,Airbus A300,9,75,0
IAG,British Airways,Airbus A318,2,66,133
IAG,British Airways,Airbus A319,44,90,3942
IAG,Iberia,Airbus A319,27,90,1434
IAG,Vueling,Airbus A319,10,90,448
IAG,Aer Lingus,Airbus A319,4,90,0
IAG,British Airways,Airbus A320,78,98,6566
IAG,Iberia,Airbus A320,75,98,1372
IAG,Iberia Express,Airbus A320,30,98,1764
IAG,Aer Lingus,Airbus A320,40,98,3332
IAG,Vueling,Airbus A320,134,98,9114
IAG,British Airways,Airbus A321,18,115,2068
IAG,Iberia,Airbus A321,19,115,1609
IAG,Iberia Express,Airbus A321,3,115,345
IAG,Aer Lingus,Airbus A321,6,115,345
IAG,Vueling,Airbus A321,11,115,1149
IAG,Iberia,Airbus A330,20,240,408
IAG,Aer Lingus,Airbus A330,15,240,24
IAG,Iberia,Airbus A340,39,216,3664
IAG,British Airways,Airbus A350,5,312,0
IAG,Iberia,Airbus A350,8,312,0
IAG,Aer Lingus,Airbus A350 XWB,1,312,0
IAG,British Airways,Airbus A380,12,433,5191
IAG,Air Nostrum/Iberia Regional,ATR 42/72,19,22,111
IAG,Aer Lingus Regional,ATR 42/72,23,22,243
IAG,British Airways,Boeing 737,123,74,0
IAG,Iberia,Boeing 737,10,74,0
IAG,Aer Lingus,Boeing 737,38,74,0
IAG,Iberia,Boeing 747,21,316,0
IAG,British Airways,Boeing 747,101,316,11685
IAG,Aer Lingus,Boeing 747,4,316,0
IAG,British Airways,Boeing 757,56,73,0
IAG,Iberia,Boeing 757,30,73,0
IAG,OpenSkies,Boeing 757,4,73,218
IAG,Aer Lingus,Boeing 757,4,73,290
IAG,Iberia,Boeing 767,2,187,0
IAG,British Airways,Boeing 767,31,187,1308
IAG,OpenSkies,Boeing 767,1,187,187
IAG,Aer Lingus,Boeing 767,3,187,0
IAG,British Airways,Boeing 777,61,295,17084
IAG,British Airways,Boeing 787 Dreamliner,24,265,6097
IAG,British Airways,British Aerospace BAe 146/Avro RJ,4,14,0
IAG,BA CityFlyer,British Aerospace BAe 146/Avro RJ,12,14,0
IAG,Air Nostrum/Iberia Regional,British Aerospace BAe 146/Avro RJ,3,14,0
IAG,Aer Lingus,British Aerospace BAe 146/Avro RJ,12,14,0
IAG,British Airways,British Aerospace BAe ATP,16,14,0
IAG,Air Nostrum/Iberia Regional,Canadair CRJ-100 Series,37,32,350
IAG,Air Nostrum/Iberia Regional,Canadair CRJ-1000,18,49,784
IAG,Air Nostrum/Iberia Regional,Canadair CRJ-900,13,46,598
IAG,British Airways,De Havilland Canada DHC-6 Twin Otter,1,7,0
IAG,British Airways,De Havilland Canada DHC-8 Dash 8,2,7,0
IAG,Air Nostrum/Iberia Regional,De Havilland Canada DHC-8 Dash 8,19,7,0
IAG,BA CityFlyer,Embraer ERJ-170,6,39,232
IAG,BA CityFlyer,Embraer ERJ-190,14,46,647
IAG,Air Nostrum/Iberia Regional,Fokker F50 / F60,37,18,0
IAG,Aer Lingus,Fokker F50 / F60,8,18,0
IAG,British Airways,Fokker F70 / F100,6,20,0
IAG,British Airways,Lockheed L-1011 TriStar,6,190,0
IAG,British Airways,McDonnell Douglas DC-10,8,145,0
IAG,Iberia,McDonnell Douglas DC-10,13,145,0
IAG,Iberia,McDonnell Douglas DC-8,17,6,0
IAG,Aer Lingus,McDonnell Douglas DC-8,2,6,0
IAG,Iberia,McDonnell Douglas DC-9,50,45,0
IAG,Aer Lingus,McDonnell Douglas MD-11,1,175,0
IAG,Iberia,McDonnell Douglas MD-80,39,45,0
IAG,BA CityFlyer,Saab 2000,3,12,24
IAG,British Airways,Saab 340,11,8,0
Iceland Air Group,Iceland Air Group,Boeing 737,8,74,0
Iceland Air Group,Iceland Air Group,Boeing 747,1,316,0
Iceland Air Group,Iceland Air Group,Boeing 757,41,73,203
Iceland Air Group,Iceland Air Group,Boeing 767,9,187,748
Iceland Air Group,Iceland Air Group,Boeing 787,4,265,0
Iceland Air Group,Iceland Air Group,McDonnell Douglas DC-8,17,6,0
IndiGo,IndiGo,Airbus A320,150,98,12152
IndiGo,IndiGo,Airbus A321,,115,0
Interjet,Interjet,Airbus A320,50,98,441
Interjet,Interjet,Airbus A321,3,115,345
Interjet,Interjet,Sukhoi Superjet 100,25,28,605
Japan Airlines,Japan Airlines,Airbus A300,22,75,0
Japan Airlines,Japan Airlines,Airbus A350,67,312,0
Japan Airlines,Japan Air Commuter (60% owned),ATR 42-600,5,20,0
Japan Airlines,Japan Airlines,Boeing 737,57,74,3699
Japan Airlines,Japan Transocean Air (72.8%),Boeing 737,36,74,962
Japan Airlines,Japan Airlines,Boeing 747,114,316,0
Japan Airlines,Japan Transocean Air (72.8%),Boeing 767,2,187,0
Japan Airlines,Japan Airlines,Boeing 767,60,187,7289
Japan Airlines,Japan Airlines,Boeing 777,46,295,11782
Japan Airlines,Japan Airlines,Boeing 787 Dreamliner,37,265,8218
Japan Airlines,J-Air,Canadair CRJ-200 Series,9,32,255
Japan Airlines,Japan Air Commuter (60% owned),De Havilland Canada DHC-8 Dash 8,11,31,313
Japan Airlines,J-Air,Embraer ERJ-170,17,39,658
Japan Airlines,J-Air,Embraer ERJ-190,5,46,139
Japan Airlines,Japan Airlines,McDonnell Douglas DC-10,20,145,0
Japan Airlines,Japan Airlines,McDonnell Douglas DC-8,58,6,0
Japan Airlines,Japan Airlines,McDonnell Douglas MD-11,10,175,0
Japan Airlines,Japan Airlines,McDonnell Douglas MD-80,19,45,0
Japan Airlines,Japan Airlines,McDonnell Douglas MD-90,16,45,0
Japan Airlines,Japan Airlines,Mitsubishi MRJ90,7,47,0
Japan Airlines,J-Air,Mitsubishi MRJ90,2,47,0
Japan Airlines,Japan Air Commuter (60% owned),Saab 340,11,8,72
Japan Airlines,Hokkaido Air System (57.3%),Saab 340,3,8,24
Jazz Airlines,Jazz Airlines,Bombardier Q400 Nextgen,8,31,1221
Jazz Airlines,Jazz Airlines,Canadair CRJ-200,58,32,446
Jazz Airlines,Jazz Airlines,Canadair CRJ-705,21,41,656
Jazz Airlines,Jazz Airlines,Canadair CRJ-900,2,46,0
Jazz Airlines,Jazz Airlines,De Havilland Canada DHC-8 Dash 8,108,31,1471
Jet Airways,Jet Airways,Airbus A320,1,98,0
Jet Airways,Jet Airways,Airbus A330,16,240,264
Jet Airways,Jet Airways,Airbus A340,3,216,0
Jet Airways,Jet Airways,ATR 42/72,21,22,287
Jet Airways,Jet Airways,Boeing 737,123,74,5179
Jet Airways,Jet Airways,Boeing 777,10,295,2651
Jet Airways,Jet Airways,Boeing 787,7,265,0
Jet2,Jet2,Airbus A320,2,98,0
Jet2,Jet2,Airbus A321,1,115,0
Jet2,Jet2,Boeing 737,71,74,3699
Jet2,Jet2,Boeing 757,16,73,798
Jet2,Jet2,British Aerospace BAe 146/Avro RJ,1,14,0
JetBlue,JetBlue Airways,Airbus A320,142,98,1274
JetBlue,JetBlue Airways,Airbus A321,39,115,4022
JetBlue,JetBlue Airways,Embraer ERJ-190,64,46,2772
Juneyao Airlines,Juneyao Airlines,Airbus A319,2,90,0
Juneyao Airlines,Juneyao Airlines,Airbus A320,41,98,4018
Juneyao Airlines,Juneyao Airlines,Airbus A321,20,115,2068
Kenya Airways,Kenya Airways,Airbus A310,6,75,0
Kenya Airways,Kenya Airways,Boeing 737,28,74,888
Kenya Airways,Jambojet Limited,Boeing 737,3,74,148
Kenya Airways,Kenya Airways,Boeing 757,1,73,0
Kenya Airways,Kenya Airways,Boeing 767,12,187,0
Kenya Airways,Kenya Airways,Boeing 777,7,295,0
Kenya Airways,Kenya Airways,Boeing 787 Dreamliner,9,265,1856
Kenya Airways,Jambojet Limited,De Havilland Canada DHC-8 Dash 8,1,31,31
Kenya Airways,Kenya Airways,Embraer ERJ-170,5,39,0
Kenya Airways,Kenya Airways,Embraer ERJ-190,15,46,693
Kenya Airways,Kenya Airways,Fokker F50 / F60,3,18,0
Kenya Airways,Kenya Airways,McDonnell Douglas DC-8,2,6,0
Kenya Airways,Kenya Airways,McDonnell Douglas DC-9,2,45,0
Korean Air,Korean Air,Airbus A300,40,75,0
Korean Air,Korean Air,Airbus A321neo,8,126,0
Korean Air,Korean Air,Airbus A330,30,240,696
Korean Air,Korean Air,Airbus A380,10,433,4326
Korean Air,Korean Air,Boeing 727,1,4,0
Korean Air,Korean Air,Boeing 737,51,74,2959
Korean Air,Jin Air,Boeing 737,18,74,1332
Korean Air,Korean Air,Boeing 747,88,316,10737
Korean Air,Korean Air,Boeing 777,53,295,14138
Korean Air,Jin Air,Boeing 777,4,295,1178
Korean Air,Korean Air,Boeing 787 Dreamliner,3,265,0
Korean Air,Korean Air,Bombardier BD-500 CSeries,1,82,0
Korean Air,Korean Air,Bombardier CS300,6,72,0
Korean Air,Korean Air,Eurocopter EC135,5,31,0
Korean Air,Korean Air,Fokker F70 / F100,12,20,0
Korean Air,Korean Air,McDonnell Douglas DC-10,6,145,0
Korean Air,Korean Air,McDonnell Douglas DC-8,6,6,0
Korean Air,Korean Air,McDonnell Douglas DC-9,2,45,0
Korean Air,Korean Air,McDonnell Douglas MD-11,5,175,0
Korean Air,Korean Air,McDonnell Douglas MD-80,16,45,0
LATAM Airlines Chile,LATAM Airlines Brazil,Airbus A319,25,90,2061
LATAM Airlines Chile,LATAM Airlines Chile,Airbus A319,17,90,1523
LATAM Airlines Chile,LATAM Airlines Ecuador,Airbus A319,6,90,538
LATAM Airlines Chile,LATAM Airlines Peru,Airbus A319,2,90,717
LATAM Airlines Chile,LATAM Airlines Argentina,Airbus A320,14,98,1372
LATAM Airlines Chile,LATAM Airlines Brazil,Airbus A320,81,98,7154
LATAM Airlines Chile,LATAM Airlines Chile,Airbus A320,59,98,5488
LATAM Airlines Chile,LATAM Airlines Peru,Airbus A320-200,5,98,1372
LATAM Airlines Chile,LATAM Airlines Brazil,Airbus A321,31,115,3562
LATAM Airlines Chile,LATAM Airlines Chile,Airbus A321,16,115,1838
LATAM Airlines Chile,LATAM Airlines Brazil,Airbus A350 XWB,8,312,1872
LATAM Airlines Chile,LATAM Airlines Argentina,Boeing 767,3,187,561
LATAM Airlines Chile,LATAM Airlines Brazil,Boeing 767,14,187,2617
LATAM Airlines Chile,LATAM Airlines Chile,Boeing 767,22,187,3738
LATAM Airlines Chile,LATAM Airlines Ecuador,Boeing 767,7,187,561
LATAM Airlines Chile,LATAM Cargo Brazil,Boeing 767,3,187,561
LATAM Airlines Chile,LATAM Cargo Chile,Boeing 767,3,187,561
LATAM Airlines Chile,LATAM Airlines Brazil,Boeing 777,10,295,2946
LATAM Airlines Chile,LATAM Cargo Chile,Boeing 777,2,295,589
LATAM Airlines Chile,LATAM Airlines Peru,Boeing 787,7,265,795
LATAM Airlines Chile,LATAM Airlines Chile,Boeing 787 Dreamliner,23,265,5832
Lion Air,Lion Air,Airbus A310,1,75,0
Lion Air,Batik Air,Airbus A320,28,98,2646
Lion Air,Lion Air,Airbus A320,11,98,0
Lion Air,Lion Air,Airbus A330,3,240,720
Lion Air,Malindo Air,Airbus A330,12,240,0
Lion Air,Malindo Air,ATR 42/72,16,22,354
Lion Air,Wings Air,ATR 42/72,54,22,1127
Lion Air,Thai Lion Air,ATR 42/72,1,22,0
Lion Air,Lion Air,Boeing 737,131,74,799
Lion Air,Batik Air,Boeing 737,20,74,1036
Lion Air,Malindo Air,Boeing 737,27,74,185
Lion Air,Thai Lion Air,Boeing 737,24,74,1776
Lion Air,Lion Air,Boeing 747,2,316,632
Lion Air,Wings Air,De Havilland Canada DHC-8 Dash 8,3,7,0
Lion Air,Lion Air,McDonnell Douglas MD-80,20,45,0
Lion Air,Wings Air,McDonnell Douglas MD-80,16,45,0
Lion Air,Lion Air,McDonnell Douglas MD-90,5,45,0
LOT Polish Airlines,LOT Polish Airlines,ATR 42/72,8,22,0
LOT Polish Airlines,LOT Polish Airlines,Boeing 737,26,74,222
LOT Polish Airlines,LOT Polish Airlines,Boeing 767,10,187,0
LOT Polish Airlines,LOT Polish Airlines,Boeing 787 Dreamliner,7,265,1591
LOT Polish Airlines,LOT Polish Airlines,De Havilland Canada DHC-8 Dash 8,10,31,313
LOT Polish Airlines,LOT Polish Airlines,Embraer ERJ-145,14,20,0
LOT Polish Airlines,LOT Polish Airlines,Embraer ERJ-170,24,39,697
LOT Polish Airlines,LOT Polish Airlines,Embraer ERJ-190,6,46,277
LOT Polish Airlines,LOT Polish Airlines,McDonnell Douglas DC-10,3,145,0
LOT Polish Airlines,LOT Polish Airlines,McDonnell Douglas DC-8,1,6,0
LOT Polish Airlines,LOT Polish Airlines,Tupolev Tu-154,1,16,0
Lufthansa,Lufthansa,Airbus A300,26,75,0
Lufthansa,Lufthansa,Airbus A310,25,75,0
Lufthansa,Austrian Airlines,Airbus A310,4,75,0
Lufthansa,Lufthansa,Airbus A319,35,90,2688
Lufthansa,Austrian Airlines,Airbus A319,7,90,627
Lufthansa,Brussels Airlines,Airbus A319,23,90,1882
Lufthansa,Germanwings,Airbus A319,50,90,3853
Lufthansa,Swiss International Airlines,Airbus A319,8,90,448
Lufthansa,Brussels Airlines,Airbus A319,23,90,1882
Lufthansa,Eurowings,Airbus A319,5,90,0
Lufthansa,Lufthansa,Airbus A320,93,98,6468
Lufthansa,Austrian Airlines,Airbus A320,18,98,1764
Lufthansa,Brussels Airlines,Airbus A320,9,98,882
Lufthansa,Eurowings,Airbus A320,29,98,2058
Lufthansa,Eurowings Europe,Airbus A320,3,98,294
Lufthansa,Germanwings,Airbus A320,26,98,1568
Lufthansa,Swiss International Airlines,Airbus A320,26,98,2156
Lufthansa,Edelweiss Air,Airbus A320,6,98,588
Lufthansa,Brussels Airlines,Airbus A320,9,98,882
Lufthansa,Lufthansa,Airbus A321,64,115,7354
Lufthansa,Austrian Airlines,Airbus A321,6,115,689
Lufthansa,Swiss International Airlines,Airbus A321,13,115,1034
Lufthansa,Austrian Airlines,Airbus A330,4,115,0
Lufthansa,Lufthansa,Airbus A330,24,240,456
Lufthansa,Brussels Airlines,Airbus A330,10,240,216
Lufthansa,Eurowings,Airbus A330,7,240,144
Lufthansa,Swiss International Airlines,Airbus A330,29,240,336
Lufthansa,Edelweiss Air,Airbus A330,4,240,480
Lufthansa,Brussels Airlines,Airbus A330,10,240,216
Lufthansa,Austrian Airlines,Airbus A340,4,216,0
Lufthansa,Lufthansa,Airbus A340,62,216,9053
Lufthansa,Swiss International Airlines,Airbus A340,15,216,2156
Lufthansa,Edelweiss Air,Airbus A340,3,216,216
Lufthansa,Lufthansa CityLine,Airbus A340,12,216,1078
Lufthansa,Lufthansa,Airbus A350 XWB,6,312,0
Lufthansa,Lufthansa,Airbus A380,14,433,6056
Lufthansa,Lufthansa CityLine,ATR 42/72,7,22,0
Lufthansa,Eurowings,ATR 42/72,45,22,0
Lufthansa,Air Dolomiti,ATR 42/72,29,22,0
Lufthansa,Swiss Global Airlines,Avro RJ100,7,30,295
Lufthansa,Germanwings,Boeing 717,2,37,0
Lufthansa,Lufthansa,Boeing 727,1,4,0
Lufthansa,Lufthansa,Boeing 737,155,74,0
Lufthansa,Lufthansa Cargo,Boeing 737,4,74,0
Lufthansa,Austrian Airlines,Boeing 737,13,74,0
Lufthansa,Brussels Airlines,Boeing 737,11,74,0
Lufthansa,Eurowings,Boeing 737,3,74,148
Lufthansa,Brussels Airlines,Boeing 737,11,74,0
Lufthansa,Lufthansa Cargo,Boeing 747,10,316,0
Lufthansa,Lufthansa,Boeing 747,80,316,10106
Lufthansa,Lufthansa,Boeing 767,3,187,0
Lufthansa,Austrian Airlines,Boeing 767,6,187,1121
Lufthansa,Lufthansa,Boeing 777,7,295,0
Lufthansa,Lufthansa Cargo,Boeing 777,5,295,1473
Lufthansa,Austrian Airlines,Boeing 777,5,295,1473
Lufthansa,Swiss International Airlines,Boeing 777,7,295,1767
Lufthansa,Swiss Global Airlines,Boeing 777-300,7,320,1921
Lufthansa,Swiss International Airlines,Bombardier BD-500 CSeries,6,82,328
Lufthansa,Swiss Global Airlines,Bombardier CS100,7,72,287
Lufthansa,Swiss Global Airlines,Bombardier CS300,7,72,0
Lufthansa,Lufthansa CityLine,British Aerospace BAe 146/Avro RJ,23,14,0
Lufthansa,Eurowings,British Aerospace BAe 146/Avro RJ,18,14,0
Lufthansa,Air Dolomiti,British Aerospace BAe 146/Avro RJ,6,14,0
Lufthansa,Brussels Airlines,British Aerospace BAe 146/Avro RJ,33,14,109
Lufthansa,Swiss International Airlines,British Aerospace BAe 146/Avro RJ,25,14,122
Lufthansa,Brussels Airlines,British Aerospace BAe 146/Avro RJ,33,14,109
Lufthansa,Lufthansa CityLine,Canadair CRJ-100 Series,48,32,0
Lufthansa,Eurowings,Canadair CRJ-100 Series,23,32,0
Lufthansa,Air Dolomiti,Canadair CRJ-100 Series,5,32,0
Lufthansa,Lufthansa CityLine,Canadair CRJ-700,20,41,0
Lufthansa,Eurowings,Canadair CRJ-700,2,41,0
Lufthansa,Lufthansa CityLine,Canadair CRJ-900,27,46,1242
Lufthansa,Eurowings,Canadair CRJ-900,23,46,368
Lufthansa,Lufthansa CityLine,De Havilland Canada DHC-8 Dash 8,4,7,0
Lufthansa,Air Dolomiti,De Havilland Canada DHC-8 Dash 8,3,7,0
Lufthansa,Austrian Airlines,De Havilland Canada DHC-8 Dash 8,19,31,563
Lufthansa,Brussels Airlines,De Havilland Canada DHC-8 Dash 8,5,31,63
Lufthansa,Brussels Airlines,De Havilland Canada DHC-8 Dash 8,5,31,63
Lufthansa,Eurowings,Dornier Do-328,1,8,0
Lufthansa,Swiss International Airlines,Embraer ERJ-145,25,20,0
Lufthansa,Brussels Airlines,Embraer ERJ-145,1,20,20
Lufthansa,Brussels Airlines,Embraer ERJ-145,1,20,20
Lufthansa,Lufthansa CityLine,Embraer ERJ-190,33,46,1063
Lufthansa,Austrian Airlines,Embraer ERJ-190,17,46,462
Lufthansa,Air Dolomiti,Embraer ERJ-190,11,46,462
Lufthansa,Lufthansa CityLine,Fokker F50 / F60,35,18,0
Lufthansa,Air Dolomiti,Fokker F70 / F100,2,20,0
Lufthansa,Austrian Airlines,Fokker F70 / F100,30,20,220
Lufthansa,Lufthansa,McDonnell Douglas DC-10,12,145,0
Lufthansa,Lufthansa Cargo,McDonnell Douglas DC-10,1,145,0
Lufthansa,Lufthansa,McDonnell Douglas DC-8,1,6,0
Lufthansa,Lufthansa Cargo,McDonnell Douglas DC-8,5,6,0
Lufthansa,Austrian Airlines,McDonnell Douglas DC-9,15,45,0
Lufthansa,Swiss International Airlines,McDonnell Douglas MD-11,16,175,0
Lufthansa,Lufthansa Cargo,McDonnell Douglas MD-11,19,175,21
Lufthansa,Austrian Airlines,McDonnell Douglas MD-80,29,45,0
Lufthansa,Germanwings,McDonnell Douglas MD-80,4,45,0
Lufthansa,Swiss International Airlines,McDonnell Douglas MD-80,11,45,0
Lufthansa,Edelweiss Air,McDonnell Douglas MD-80,3,45,0
Lufthansa,Swiss International Airlines,Saab 2000,31,12,0
Malaysia Airlines,Malaysia Airlines,Airbus A300,6,75,0
Malaysia Airlines,Malaysia Airlines,Airbus A330,37,240,432
Malaysia Airlines,Malaysia Airlines,Airbus A350 XWB,1,312,0
Malaysia Airlines,Malaysia Airlines,Airbus A380,6,433,2596
Malaysia Airlines,Firefly,ATR 42/72,21,22,464
Malaysia Airlines,MASwings,ATR 42/72,14,22,287
Malaysia Airlines,Malaysia Airlines,Boeing 737,167,74,4143
Malaysia Airlines,Firefly,Boeing 737,8,74,0
Malaysia Airlines,Malaysia Airlines,Boeing 747,44,316,632
Malaysia Airlines,Malaysia Airlines,Boeing 777,17,295,0
Malaysia Airlines,Malaysia Airlines,Fokker F50 / F60,12,18,0
Malaysia Airlines,Firefly,Fokker F50 / F60,3,18,0
Malaysia Airlines,MASwings,Fokker F50 / F60,8,18,0
Malaysia Airlines,Malaysia Airlines,McDonnell Douglas DC-10,21,145,0
Malaysia Airlines,Malaysia Airlines,McDonnell Douglas MD-11,6,175,0
Mesa Airlines,Mesa Airlines,Canadair CRJ-100 Series,59,32,32
Mesa Airlines,Mesa Airlines,Canadair CRJ-700,20,41,820
Mesa Airlines,Mesa Airlines,Canadair CRJ-900,64,46,2944
Mesa Airlines,Mesa Airlines,De Havilland Canada DHC-8 Dash 8,17,7,0
Mesa Airlines,Mesa Airlines,Embraer EMB-120 Brasilia,6,11,0
Mesa Airlines,Mesa Airlines,Embraer ERJ-145,36,20,0
Mesa Airlines,Mesa Airlines,Embraer ERJ-170,48,39,1858
Monarch Airlines,Monarch Airlines,Airbus A300,4,75,0
Monarch Airlines,Monarch Airlines,Airbus A320,21,98,882
Monarch Airlines,Monarch Airlines,Airbus A321,29,115,2873
Monarch Airlines,Monarch Airlines,Airbus A330,2,240,0
Monarch Airlines,Monarch Airlines,Boeing 737,19,74,0
Monarch Airlines,Monarch Airlines,Boeing 757,10,73,0
Monarch Airlines,Monarch Airlines,Boeing 767,1,187,0
Monarch Airlines,Monarch Airlines,McDonnell Douglas DC-10,1,145,0
Monarch Airlines,Monarch Airlines,McDonnell Douglas MD-11,2,175,0
Norwegian Air,Norwegian Air,Airbus A320,7,98,98
Norwegian Air,Norwegian Air,Airbus A321,7,115,0
Norwegian Air,Norwegian Air,Airbus A340,2,216,0
Norwegian Air,Norwegian Air,Boeing 737,122,74,4143
Norwegian Air,Norwegian UK,Boeing 737,1,74,74
Norwegian Air,Norwegian Air International,Boeing 737,54,74,3403
Norwegian Air,Norwegian Long Haul,Boeing 787 Dreamliner,11,265,3181
Norwegian Air,Norwegian UK,Boeing 787 Dreamliner,1,265,265
Norwegian Air,Norwegian Air,Fokker F50 / F60,7,18,0
Norwegian Air,Norwegian Air,McDonnell Douglas MD-80,8,45,0
Oman Air,Oman Air,Airbus A300,1,75,0
Oman Air,Oman Air,Airbus A310,6,75,0
Oman Air,Oman Air,Airbus A320,5,98,0
Oman Air,Oman Air,Airbus A330,12,240,24
Oman Air,Oman Air,ATR 42/72,4,22,0
Oman Air,Oman Air,Boeing 737,45,74,2145
Oman Air,Oman Air,Boeing 757,1,73,0
Oman Air,Oman Air,Boeing 767,1,187,0
Oman Air,Oman Air,Boeing 787 Dreamliner,5,265,106
Oman Air,Oman Air,Embraer ERJ-170,4,39,155
Pakistan International Airlines,Pakistan International Airlines,Airbus A300,13,75,0
Pakistan International Airlines,Pakistan International Airlines,Airbus A310,12,75,300
Pakistan International Airlines,Pakistan International Airlines,Airbus A320,14,98,1078
Pakistan International Airlines,Pakistan International Airlines,Airbus A321,2,115,0
Pakistan International Airlines,Pakistan International Airlines,Airbus A330,1,240,240
Pakistan International Airlines,Pakistan International Airlines,ATR 42/72,12,22,221
Pakistan International Airlines,Pakistan International Airlines,Boeing 737,7,74,0
Pakistan International Airlines,Pakistan International Airlines,Boeing 747,15,316,0
Pakistan International Airlines,Pakistan International Airlines,Boeing 777,11,295,324
Pakistan International Airlines,Pakistan International Airlines,Boeing 787,5,265,0
Pakistan International Airlines,Pakistan International Airlines,McDonnell Douglas DC-10,5,145,0
Pakistan International Airlines,Pakistan International Airlines,McDonnell Douglas DC-8,5,6,0
Pegasus Airlines,Pegasus Airlines,Airbus A300,2,75,0
Pegasus Airlines,Pegasus Airlines,Airbus A320,27,98,1666
Pegasus Airlines,Pegasus Airlines,Airbus A321,11,115,0
Pegasus Airlines,Pegasus Airlines,Boeing 737,98,74,4291
Philippine Airlines,Philippine Airlines,Airbus A300,13,75,0
Philippine Airlines,Philippine Airlines,Airbus A319,4,90,0
Philippine Airlines,Philippine Airlines,Airbus A320,25,98,980
Philippine Airlines,PAL Express,Airbus A320,18,98,882
Philippine Airlines,Philippine Airlines,Airbus A321,24,115,2758
Philippine Airlines,Philippine Airlines,Airbus A330,23,240,36
Philippine Airlines,Philippine Airlines,Airbus A340,18,216,1293
Philippine Airlines,Philippine Airlines,Airbus A350,2,312,0
Philippine Airlines,Philippine Airlines,Boeing 737,18,74,0
Philippine Airlines,Philippine Airlines,Boeing 747,18,316,0
Philippine Airlines,Philippine Airlines,Boeing 777,8,295,2356
Philippine Airlines,PAL Express,De Havilland Canada DHC-8 Dash 8,9,31,282
Philippine Airlines,Philippine Airlines,Fokker F50 / F60,11,18,0
Philippine Airlines,Philippine Airlines,McDonnell Douglas DC-10,6,145,0
Philippine Airlines,Philippine Airlines,McDonnell Douglas DC-8,14,6,0
Philippine Airlines,Philippine Airlines,McDonnell Douglas MD-11,4,175,0
Philippine Airlines,PAL Express,Q400 NextGen,2,31,0
Qantas Airways,Qantas Airways,Airbus A300,4,75,0
Qantas Airways,Jetstar Airways,Airbus A320,66,98,5194
Qantas Airways,Jetstar Airways,Airbus A321,8,115,919
Qantas Airways,Qantas Airways,Airbus A330,30,240,672
Qantas Airways,Jetstar Airways,Airbus A330,11,240,0
Qantas Airways,Qantas Airways,Airbus A380,12,433,5191
Qantas Airways,QantasLink,Boeing 717,23,37,740
Qantas Airways,Jetstar Airways,Boeing 717,14,37,0
Qantas Airways,Australian Air Express,Boeing 737,4,74,0
Qantas Airways,Qantas Airways,Boeing 737,115,74,5253
Qantas Airways,Jetconnect,Boeing 737,25,74,592
Qantas Airways,Qantas Freight,Boeing 737,2,74,296
Qantas Airways,Qantas Airways,Boeing 747,65,316,3474
Qantas Airways,Qantas Freight,Boeing 747,67,316,947
Qantas Airways,Qantas Airways,Boeing 767,39,187,187
Qantas Airways,Qantas Freight,Boeing 767,7,187,187
Qantas Airways,Qantas Airways,Boeing 787,7,265,0
Qantas Airways,Jetstar Airways,Boeing 787 Dreamliner,11,265,2916
Qantas Airways,Qantas Freight,British Aerospace BAe 146,11,14,54
Qantas Airways,QantasLink,British Aerospace BAe 146/Avro RJ,19,14,0
Qantas Airways,Australian Air Express,British Aerospace BAe 146/Avro RJ,3,14,41
Qantas Airways,QantasLink,De Havilland Canada DHC-8 Dash 8,54,31,1377
Qantas Airways,Jetstar Airways,De Havilland Canada DHC-8 Dash 8,5,31,157
Qantas Airways,Eastern Australia Airlines,De Havilland Canada DHC-8 Dash 8,40,31,563
Qantas Airways,Sunstate Airlines,De Havilland Canada DHC-8 Dash 8,47,31,970
Qantas Airways,Network Aviation,Embraer EMB-120 Brasilia,2,11,0
Qantas Airways,QantasLink,Fokker F70 / F100,16,20,300
Qantas Airways,Network Aviation,Fokker F70 / F100,16,20,300
Qantas Airways,Qantas Airways,McDonnell Douglas DC-10,1,145,0
Qantas Airways,Australian Air Express,McDonnell Douglas DC-8,6,6,0
Qantas Airways,Qantas Freight,Saab 340,5,8,8
Qatar Airways,Qatar Airways,Airbus A300,9,75,0
Qatar Airways,Qatar Airways Cargo,Airbus A300,3,75,0
Qatar Airways,Qatar Airways,Airbus A310,2,75,0
Qatar Airways,Qatar Executive,Airbus A319,,90,179
Qatar Airways,Qatar Airways,Airbus A319,3,90,179
Qatar Airways,Qatar Airways,Airbus A320,46,98,343
Qatar Airways,Al Maha Airways,Airbus A320,4,98,392
Qatar Airways,Qatar Airways,Airbus A321,15,115,919
Qatar Airways,Qatar Airways,Airbus A330,31,240,624
Qatar Airways,Qatar Airways Cargo,Airbus A330,8,240,192
Qatar Airways,Qatar Airways,Airbus A340,4,216,862
Qatar Airways,Qatar Airways,Airbus A350 XWB,24,312,3744
Qatar Airways,Qatar Airways,Airbus A380,9,433,2596
Qatar Airways,Qatar Airways,Boeing 737,1,74,0
Qatar Airways,Qatar Airways,Boeing 747,3,316,0
Qatar Airways,Qatar Airways,Boeing 757,1,73,0
Qatar Airways,Qatar Airways,Boeing 767,2,187,0
Qatar Airways,Qatar Airways,Boeing 777,43,295,12666
Qatar Airways,Qatar Airways Cargo,Boeing 777,11,295,324
Qatar Airways,Qatar Airways,Boeing 787 Dreamliner,30,265,7953
Republic Airways,Republic Airlines,De Havilland Canada DHC-8 Dash 8,31,7,0
Republic Airways,Republic Airlines,Embraer ERJ-170,163,39,4567
Republic Airways,Republic Airlines,Embraer ERJ-190,17,46,0
Royal Air Maroc,Royal Air Maroc,Airbus A320,1,98,98
Royal Air Maroc,Royal Air Maroc,Airbus A321,4,115,0
Royal Air Maroc,Royal Air Maroc Express,ATR 42-600,2,20,0
Royal Air Maroc,Royal Air Maroc,ATR 42/72,4,22,0
Royal Air Maroc,Royal Air Maroc Express,ATR 72-600,10,25,124
Royal Air Maroc,Royal Air Maroc,Boeing 737,64,74,2737
Royal Air Maroc,Royal Air Maroc,Boeing 747,4,316,316
Royal Air Maroc,Royal Air Maroc,Boeing 757,2,73,0
Royal Air Maroc,Royal Air Maroc,Boeing 767,6,187,748
Royal Air Maroc,Royal Air Maroc,Boeing 787 Dreamliner,5,265,1326
Royal Air Maroc,Royal Air Maroc,Embraer ERJ-190,6,46,185
Royal Jordanian,Royal Jordanian,Airbus A310,14,75,150
Royal Jordanian,Royal Jordanian,Airbus A319,4,90,358
Royal Jordanian,Royal Jordanian,Airbus A320,14,98,588
Royal Jordanian,Royal Wings,Airbus A320,1,98,98
Royal Jordanian,Royal Jordanian,Airbus A321,8,115,230
Royal Jordanian,Royal Jordanian,Airbus A330,4,240,480
Royal Jordanian,Royal Jordanian,Airbus A340,4,216,0
Royal Jordanian,Royal Jordanian,Boeing 747,2,316,0
Royal Jordanian,Royal Jordanian,Boeing 787 Dreamliner,7,265,1591
Royal Jordanian,Royal Jordanian,De Havilland Canada DHC-8 Dash 8,2,31,0
Royal Jordanian,Royal Wings,De Havilland Canada DHC-8 Dash 8,3,31,0
Royal Jordanian,Royal Jordanian,Embraer ERJ-170,3,39,116
Royal Jordanian,Royal Jordanian,Embraer ERJ-190,5,46,92
Royal Jordanian,Royal Jordanian,Lockheed L-1011 TriStar,2,190,0
Ryanair,RyanAir,ATR 42/72,4,22,0
Ryanair,RyanAir,Boeing 737,476,74,27077
S7 Airlines,S7 Airlines,Airbus A310,9,75,0
S7 Airlines,S7 Airlines,Airbus A319,20,90,1702
S7 Airlines,S7 Airlines,Airbus A320,19,98,1862
S7 Airlines,S7 Airlines,Airbus A321,6,115,689
S7 Airlines,S7 Airlines,Boeing 737,33,74,1406
S7 Airlines,S7 Airlines,Boeing 767,2,187,374
S7 Airlines,S7 Airlines,Embraer ERJ-170,7,39,0
S7 Airlines,S7 Airlines,Tupolev Tu-204,2,16,0
SAS Group,Scandinavian Airlines,Airbus A300,4,75,0
SAS Group,Scandinavian Airlines,Airbus A319,4,90,358
SAS Group,Scandinavian Airlines,Airbus A320,20,98,1568
SAS Group,Scandinavian Airlines,Airbus A321,8,115,919
SAS Group,Scandinavian Airlines,Airbus A330,8,240,192
SAS Group,Air Greenland,Airbus A330,1,240,240
SAS Group,Scandinavian Airlines,Airbus A340,8,216,1724
SAS Group,Scandinavian Airlines,Airbus A350,6,312,0
SAS Group,Scandinavian Airlines,ATR 42/72,20,22,287
SAS Group,Scandinavian Airlines,Boeing 737,122,74,5992
SAS Group,Scandinavian Airlines,Boeing 747,10,316,0
SAS Group,Air Greenland,Boeing 757,1,73,0
SAS Group,Scandinavian Airlines,Boeing 767,18,187,0
SAS Group,Scandinavian Airlines,British Aerospace BAe 146/Avro RJ,7,14,0
SAS Group,Scandinavian Airlines,Canadair CRJ-100 Series,5,32,0
SAS Group,Scandinavian Airlines,Canadair CRJ-900,22,46,874
SAS Group,Widerøe,De Havilland Canada DHC-6 Twin Otter,1,7,0
SAS Group,Scandinavian Airlines,De Havilland Canada DHC-8 Dash 8,28,7,0
SAS Group,Widerøe,De Havilland Canada DHC-8 Dash 8,58,31,1283
SAS Group,Air Greenland,De Havilland Canada DHC-8 Dash 8,8,31,219
SAS Group,Scandinavian Airlines,Fokker F50 / F60,7,18,0
SAS Group,Widerøe,Fokker F50 / F60,4,18,0
SAS Group,Scandinavian Airlines,McDonnell Douglas DC-10,12,145,0
SAS Group,Scandinavian Airlines,McDonnell Douglas DC-8,29,6,0
SAS Group,Scandinavian Airlines,McDonnell Douglas DC-9,71,45,0
SAS Group,Scandinavian Airlines,McDonnell Douglas MD-80,82,45,0
SAS Group,Scandinavian Airlines,McDonnell Douglas MD-90,8,45,0
SAS Group,Scandinavian Airlines,Saab 2000,7,12,0
Saudi Arabian Airlines,Saudi Arabian Airlines,Airbus A300,36,75,0
Saudi Arabian Airlines,Saudi Arabian Airlines,Airbus A310,1,75,0
Saudi Arabian Airlines,Saudi Arabian Airlines,Airbus A319,5,90,448
Saudi Arabian Airlines,Saudi Arabian Airlines,Airbus A320,49,98,343
Saudi Arabian Airlines,Saudi Arabian Airlines,Airbus A321,27,115,1724
Saudi Arabian Airlines,Saudi Arabian Airlines,Airbus A330,45,240,672
Saudi Arabian Airlines,Saudi Arabian Airlines,Airbus A340,4,216,0
Saudi Arabian Airlines,Saudi Arabian Airlines,Boeing 737,26,74,0
Saudi Arabian Airlines,Saudi Arabian Airlines,Boeing 747,128,316,6632
Saudi Arabian Airlines,Saudi Arabian Airlines,Boeing 757,10,73,0
Saudi Arabian Airlines,Saudi Arabian Airlines,Boeing 767,12,187,0
Saudi Arabian Airlines,Saudi Arabian Airlines,Boeing 777,57,295,15906
Saudi Arabian Airlines,Saudi Arabian Airlines,Boeing 787 Dreamliner,8,265,106
Saudi Arabian Airlines,Saudi Arabian Airlines,Embraer ERJ-170,15,39,581
Saudi Arabian Airlines,Saudi Arabian Airlines,McDonnell Douglas DC-10,1,145,0
Saudi Arabian Airlines,Saudi Arabian Airlines,McDonnell Douglas DC-8,37,6,0
Saudi Arabian Airlines,Saudi Arabian Airlines,McDonnell Douglas DC-9,3,45,0
Saudi Arabian Airlines,Saudi Arabian Airlines,McDonnell Douglas MD-11,5,175,0
Saudi Arabian Airlines,Saudi Arabian Airlines,McDonnell Douglas MD-90,29,45,0
Singapore Airlines,Singapore Airlines,Airbus A300,8,75,0
Singapore Airlines,Singapore Airlines,Airbus A310,23,75,0
Singapore Airlines,SilkAir,Airbus A310,2,75,0
Singapore Airlines,SilkAir,Airbus A319,8,90,269
Singapore Airlines,SilkAir,Airbus A320,19,98,1078
Singapore Airlines,Singapore Airlines,Airbus A330,34,240,624
Singapore Airlines,Singapore Airlines,Airbus A340,22,216,0
Singapore Airlines,Singapore Airlines,Airbus A350 XWB,14,312,2496
Singapore Airlines,Singapore Airlines,Airbus A380,21,433,8219
Singapore Airlines,Singapore Airlines,Boeing 737,5,74,0
Singapore Airlines,Singapore Airlines Cargo,Boeing 737,1,74,0
Singapore Airlines,SilkAir,Boeing 737,23,74,1258
Singapore Airlines,Singapore Airlines,Boeing 747,80,316,0
Singapore Airlines,Singapore Airlines Cargo,Boeing 747,20,316,2842
Singapore Airlines,Singapore Airlines,Boeing 757,4,73,0
Singapore Airlines,Singapore Airlines,Boeing 777,85,295,15906
Singapore Airlines,Singapore Airlines,Boeing 787,7,265,0
Singapore Airlines,SilkAir,Fokker F70 / F100,2,20,0
Singapore Airlines,Singapore Airlines,McDonnell Douglas DC-10,8,145,0
Skymark Airlines,Skymark Airlines,Airbus A330,5,240,0
Skymark Airlines,Skymark Airlines,Boeing 737,33,74,1923
Skymark Airlines,Skymark Airlines,Boeing 767,7,187,0
Skywest,Skywest,Canadair CRJ-700,102,41,3854
Skywest,Skywest,Canadair CRJ-900,36,46,1656
Skywest,Skywest,Embraer E175-E2,2,39,0
Skywest,Skywest,Embraer EMB-120 Brasilia,62,11,0
Skywest,Skywest,Embraer ERJ-170,2,39,3057
Skywest,Skywest,Mitsubishi MRJ90,53,47,0
Skywest Airlines,Skywest Airlines,Canadair CRJ-100 Series,199,32,5287
South African Airways,South African Airways,Airbus A300,9,75,0
South African Airways,South African Airways,Airbus A319,11,90,717
South African Airways,South African Airways,Airbus A320,19,98,1176
South African Airways,South African Airways,Airbus A330,15,240,192
South African Airways,South African Airways,Airbus A340,23,216,3664
South African Airways,South African Airways,Boeing 737,52,74,666
South African Airways,Mango,Boeing 737,13,74,740
South African Airways,South African Airways,Boeing 747,28,316,0
South African Airways,South African Airways,Boeing 767,3,187,0
South African Airways,South African Airways,McDonnell Douglas MD-80,2,45,0
Southwest Airlines,Southwest Airlines,Boeing 737,952,74,53118
SpiceJet,SpiceJet,Airbus A319,1,90,0
SpiceJet,SpiceJet,Airbus A320,1,98,0
SpiceJet,SpiceJet,Boeing 737,65,74,2071
SpiceJet,SpiceJet,De Havilland Canada DHC-8 Dash 8,19,31,563
Spirit Airlines,Spirit Airlines,Airbus A319,33,90,2598
Spirit Airlines,Spirit Airlines,Airbus A320,50,98,4802
Spirit Airlines,Spirit Airlines,Airbus A321,23,115,1838
Spirit Airlines,Spirit Airlines,McDonnell Douglas DC-9,18,45,0
Spirit Airlines,Spirit Airlines,McDonnell Douglas MD-80,37,45,0
Spring Airlines,Spring Airlines,Airbus A320,77,98,637
SunExpress,SunExpress,Airbus A320,3,98,0
SunExpress,SunExpress Deutschland,Airbus A330,7,240,144
SunExpress,SunExpress,Boeing 737,88,74,3773
SunExpress,SunExpress Deutschland,Boeing 737,20,74,1184
SunExpress,SunExpress,Boeing 757,4,73,0
TAP Portugal,TAP Portugal,Airbus A310,7,75,0
TAP Portugal,TAP Portugal,Airbus A319,21,90,1882
TAP Portugal,TAP Portugal,Airbus A320,25,98,1862
TAP Portugal,TAP Portugal,Airbus A321,3,115,345
TAP Portugal,TAP Portugal,Airbus A330,16,240,384
TAP Portugal,TAP Portugal,Airbus A340,4,216,862
TAP Portugal,TAP Express,ATR 42/72,8,22,177
TAP Portugal,TAP Portugal,Boeing 727,1,4,0
TAP Portugal,TAP Portugal,Boeing 737,25,74,0
TAP Portugal,TAP Portugal,Boeing 747,4,316,0
TAP Portugal,TAP Express,Embraer ERJ-190,9,46,416
TAP Portugal,TAP Portugal,Lockheed L-1011 TriStar,2,190,0
Thai Airways,Thai Airways,Airbus A300,35,75,0
Thai Airways,Thai Airways,Airbus A310,4,75,0
Thai Airways,Thai Smile,Airbus A320,20,98,196
Thai Airways,Thai Airways,Airbus A320,5,98,0
Thai Airways,Thai Airways,Airbus A330,27,240,408
Thai Airways,Thai Airways,Airbus A340,10,216,0
Thai Airways,Thai Airways,Airbus A350 XWB,3,312,624
Thai Airways,Thai Airways,Airbus A380,6,433,2596
Thai Airways,Nok Air,ATR 42/72,4,22,44
Thai Airways,Thai Airways,ATR 42/72,4,22,0
Thai Airways,Thai Airways,Boeing 737,14,74,148
Thai Airways,Nok Air,Boeing 737,39,74,1702
Thai Airways,Thai Airways,Boeing 747,26,316,3158
Thai Airways,Thai Airways,Boeing 777,41,295,9426
Thai Airways,Thai Airways,Boeing 787 Dreamliner,6,265,1591
Thai Airways,Thai Airways,British Aerospace BAe 146/Avro RJ,11,14,0
Thai Airways,Nok Air,De Havilland Canada DHC-8 Dash 8,8,31,250
Thai Airways,Thai Airways,McDonnell Douglas DC-10,9,145,0
Thai Airways,Thai Airways,McDonnell Douglas DC-8,15,6,0
Thai Airways,Thai Airways,McDonnell Douglas DC-9,2,45,0
Thai Airways,Thai Airways,McDonnell Douglas MD-11,4,175,0
Thomas Cook Airlines,Condor,Airbus A300,9,75,0
Thomas Cook Airlines,Condor,Airbus A310,5,75,0
Thomas Cook Airlines,Condor,Airbus A319,1,90,0
Thomas Cook Airlines,Condor,Airbus A320,14,98,882
Thomas Cook Airlines,Condor,Airbus A321,8,115,804
Thomas Cook Airlines,Condor,Boeing 727,1,4,0
Thomas Cook Airlines,Condor,Boeing 737,17,74,0
Thomas Cook Airlines,Condor,Boeing 747,4,316,0
Thomas Cook Airlines,Condor,Boeing 757,33,73,943
Thomas Cook Airlines,Condor,Boeing 767,21,187,299
Thomas Cook Airlines,Condor,McDonnell Douglas DC-10,5,145,0
Thomas Cook Airlines,Condor,McDonnell Douglas DC-8,1,6,0
Thomas Cook Airlines,Thomas Cook Airlines Belgium,Airbus A319,1,90,0
Thomas Cook Airlines,Thomas Cook Airlines Belgium,Airbus A320,20,98,490
Thomas Cook Airlines,Thomas Cook Airlines,Airbus A320,30,98,0
Thomas Cook Airlines,Thomas Cook Airlines Scandinavia,Airbus A320,2,98,0
Thomas Cook Airlines,Thomas Cook Airlines,Airbus A321,23,115,2413
Thomas Cook Airlines,Thomas Cook Airlines Scandinavia,Airbus A321,12,115,919
Thomas Cook Airlines,Thomas Cook Airlines,Airbus A330,12,240,168
Thomas Cook Airlines,Thomas Cook Airlines Scandinavia,Airbus A330,4,240,960
Thomas Cook Airlines,Thomas Cook Airlines,Boeing 757,26,73,145
Thomas Cook Airlines,Thomas Cook Airlines Belgium,Boeing 757,1,73,0
Thomas Cook Airlines,Thomas Cook Airlines,Boeing 767,3,187,561
Tianjin Airlines,Tianjin Airlines,Airbus A320,27,98,2254
Tianjin Airlines,GX Airlines,Airbus A320,3,98,294
Tianjin Airlines,Tianjin Airlines,Airbus A330,4,240,240
Tianjin Airlines,Tianjin Airlines,Dornier Do-328,26,8,0
Tianjin Airlines,Tianjin Airlines,Embraer ERJ-145,25,20,372
Tianjin Airlines,Tianjin Airlines,Embraer ERJ-190,58,46,2218
Tianjin Airlines,GX Airlines,Embraer ERJ-190,10,46,462
Trans States Airlines,Trans States Airlines,ATR 42/72,12,22,0
Trans States Airlines,Trans States Airlines,British Aerospace Jetstream 41,11,7,0
Trans States Airlines,Compass Airlines,Canadair CRJ-100 Series,1,32,0
Trans States Airlines,GoJet Airlines,Canadair CRJ-700,47,41,1886
Trans States Airlines,GoJet Airlines,Canadair CRJ-900,7,46,322
Trans States Airlines,Trans States Airlines,Embraer EMB-120 Brasilia,1,11,0
Trans States Airlines,Trans States Airlines,Embraer ERJ-145,98,20,1078
Trans States Airlines,Compass Airlines,Embraer ERJ-170,62,39,2399
Trans States Airlines,Trans States Airlines,Mitsubishi MRJ90,7,47,0
TUI Group,Thomson Airways,Airbus A320,5,98,0
TUI Group,Thomson Airways,Airbus A321,2,115,0
TUI Group,Thomson Airways,Boeing 737,46,74,2441
TUI Group,TUI Airlines Netherlands,Boeing 737,10,74,370
TUI Group,TUI Airlines Belgium,Boeing 737,20,74,148
TUI Group,TUIfly,Boeing 737,83,74,2219
TUI Group,TUIfly Nordic,Boeing 737,8,74,444
TUI Group,Thomson Airways,Boeing 757,31,73,1015
TUI Group,TUIfly Nordic,Boeing 757,4,73,0
TUI Group,Thomson Airways,Boeing 767,13,187,561
TUI Group,TUI Airlines Netherlands,Boeing 767,1,187,187
TUI Group,TUI Airlines Belgium,Boeing 767,1,187,187
TUI Group,TUIfly,Boeing 767,3,187,187
TUI Group,TUIfly Nordic,Boeing 767,2,187,187
TUI Group,Thomson Airways,Boeing 787 Dreamliner,11,265,2651
TUI Group,TUI Airlines Netherlands,Boeing 787 Dreamliner,3,265,795
TUI Group,TUI Airlines Belgium,Boeing 787 Dreamliner,1,265,265
TUI Group,TUI Airlines Belgium,Embraer ERJ-190,3,46,139
Tunisair,Tunisair,Airbus A300,7,75,0
Tunisair,Tunisair,Airbus A310,2,75,0
Tunisair,Tunisair,Airbus A319,4,90,358
Tunisair,Tunisair,Airbus A320,20,98,1666
Tunisair,Tunisair,Airbus A330,2,240,480
Tunisair,Tunisair Express,ATR 42/72,4,22,66
Tunisair,Tunisair,Boeing 727,1,4,0
Tunisair,Tunisair,Boeing 737,32,74,518
Tunisair,Tunisair,Boeing 747,1,316,0
Tunisair,Tunisair Express,Canadair CRJ-900,1,46,46
Tunisair,Tunisair,McDonnell Douglas DC-10,2,145,0
Tunisair,Tunisair,McDonnell Douglas DC-8,2,6,0
Tunisair,Tunisair,McDonnell Douglas MD-90,1,45,0
Turkish Airlines,Turkish Airlines,Airbus A300,2,75,0
Turkish Airlines,Turkish Airlines,Airbus A310,19,75,0
Turkish Airlines,Turkish Airlines,Airbus A319,14,90,1254
Turkish Airlines,Turkish Airlines,Airbus A320,46,98,2842
Turkish Airlines,Anadolujet (100%),Airbus A320,10,98,0
Turkish Airlines,Turkish Airlines,Airbus A321,75,115,7583
Turkish Airlines,Turkish Airlines,Airbus A330,72,240,1392
Turkish Airlines,Turkish Airlines,Airbus A340,9,216,862
Turkish Airlines,Anadolujet (100%),ATR 42/72,2,22,0
Turkish Airlines,Turkish Airlines,Boeing 737,142,74,6806
Turkish Airlines,Anadolujet (100%),Boeing 737,70,74,2515
Turkish Airlines,Turkish Airlines,Boeing 777,39,295,9426
Turkish Airlines,Turkish Airlines,British Aerospace BAe 146/Avro RJ,14,14,0
Turkish Airlines,Anadolujet (100%),Embraer ERJ-190,6,46,0
Turkish Airlines,Turkish Airlines,McDonnell Douglas DC-10,4,145,0
Turkish Airlines,Turkish Airlines,McDonnell Douglas DC-9,11,45,0
Turkish Airlines,Turkish Airlines,McDonnell Douglas MD-80,3,45,0
Turkish Airlines,Turkish Airlines,McDonnell Douglas MD-90,2,45,0
United Airlines,United Airlines,Airbus A319,80,90,5286
United Airlines,United Airlines,Airbus A320,98,98,9506
United Airlines,United Airlines,Airbus A350,35,312,0
United Airlines,United Airlines,Boeing 727,3,4,0
United Airlines,United Airlines,Boeing 737,620,74,23748
United Airlines,United Airlines,Boeing 747,88,316,6632
United Airlines,United Airlines,Boeing 757,160,73,5583
United Airlines,United Airlines,Boeing 767,82,187,9532
United Airlines,United Airlines,Boeing 777,96,295,21797
United Airlines,United Airlines,Boeing 787 Dreamliner,32,265,7953
United Airlines,United Airlines,Embraer E175,7,39,0
United Airlines,United Airlines,McDonnell Douglas DC-10,59,145,0
United Airlines,United Airlines,McDonnell Douglas DC-8,117,6,0
UPS Airlines,UPS,Airbus A300,53,75,39
UPS Airlines,UPS,Boeing 747,40,316,4105
UPS Airlines,UPS,Boeing 757,75,73,5438
UPS Airlines,UPS,Boeing 767,59,187,11027
UPS Airlines,UPS,McDonnell Douglas DC-8,53,6,0
UPS Airlines,UPS,McDonnell Douglas MD-11,38,175,6475
Utair,Utair,Airbus A321,12,115,0